cell_id,average_distance,ploidy,totalhapcounts,nsegments,multiplier,MSRSI_non_integerness,MBRSI_dispersion_non_integerness,MBRSM_dispersion,autocorrelation_hmmcopy,cv_hmmcopy,empty_bins_hmmcopy,mad_hmmcopy,mean_hmmcopy_reads_per_bin,median_hmmcopy_reads_per_bin,std_hmmcopy_reads_per_bin,total_mapped_reads_hmmcopy,total_halfiness,scaled_halfiness,mean_state_mads,mean_state_vars,mad_neutral_state,breakpoints,mean_copy,state_mode,log_likelihood,true_multiplier,overlap_with_all_filters_and_qual,index_i7,paired_duplicate_reads,fastqscreen_human_multihit,overlap_without_dups,coverage_depth,sample_type,is_control,unpaired_duplicate_reads,fastqscreen_human,fastqscreen_salmon_multihit,img_col,paired_mapped_reads,median_insert_size,row,pick_met,library_id,fastqscreen_total_reads,overlap_with_all_filters,standard_deviation_insert_size,primer_i7,total_duplicate_reads,total_mapped_reads,condition,total_properly_paired,coverage_breadth,index_sequence,estimated_library_size,index_i5,fastqscreen_mouse_multihit,fastqscreen_salmon,primer_i5,fastqscreen_mouse,is_contaminated,fastqscreen_nohit,total_reads,sample_id,unmapped_reads,percent_duplicate_reads,overlap_with_dups,mean_insert_size,column,aligned,expected,unpaired_mapped_reads,is_s_phase_prob,is_s_phase,clustering_order,quality,file,fracLOH_1,fracLOH_10,fracLOH_11,fracLOH_12,fracLOH_13,fracLOH_14,fracLOH_15,fracLOH_16,fracLOH_17,fracLOH_18,fracLOH_19,fracLOH_2,fracLOH_20,fracLOH_21,fracLOH_22,fracLOH_3,fracLOH_4,fracLOH_5,fracLOH_6,fracLOH_7,fracLOH_8,fracLOH_9,fracLOH_X,state_mean,state_var,frac_nondiploid,pct_cell_ploidy,clone_id
128701A-R13-C12,0.0162431040343034,2,54355,38,2,0.04584506017194,0.18412447987863,0.181653637431928,0.793216555649357,0.36811238160981,0,0.247282750388283,162.05447761194,170,59.7567378331955,868612,634.908668568818,232.412893204489,0.0784966103163623,0.0639023955610322,0.107465632339342,43,1.74854790144395,2,-1655.48797999967,1.9481835520694,0.0337332762067199,i7-12,102173,164378,0.0359486403505685,0.035693,5-1_LX_773,FALSE,275,1233989,52376,61,618297,226,13,C1,128701A,1243638,0.0358521707062231,160.870014,GCGGAC,204621,1243965,5-1_LX_773,1220914,0.0343180351569413,ACATCG-GCGGAC,1749881,i5-13,151385,52734,ACATCG,151459,FALSE,9130,1249657,128701A,5692,0.176204887412425,0.0431025906689092,265.453678,12,0.0552710948708109,0.056166728295143,1198,0.255596111678965,FALSE,4723,0.998,/data1/shahs3/isabl_data_lake/analyses/60/71/36071/results/SHAH_H002689_T03_01_DLP01_hmmcopy_metrics.csv.gz,0.226086956521739,0.557692307692308,0.0394088669950739,0.231884057971015,0.879518072289157,0.0138888888888889,0.162393162393162,0.973913043478261,0.434426229508197,0,0.51063829787234,0.406077348066298,0,0,0.627450980392157,0.964285714285714,0,0,0,0.439834024896266,0.941964285714286,0.0714285714285714,1,1.74994269997708,0.348506988921365,0.410955764382306,0.589044235617694,0
128701A-R13-C13,0.0154538337038337,2,77047,38,1,0.036165807144324,0.15321696879176,0.14951938717694,0.854139686686306,0.384534949367003,0,0.508027243151686,217.369776119403,230,83.9296917211286,1165102,489.1017187324,194.30591088655,0.119565831954516,0.052210729984806,0.170154200445859,45,1.67365860221389,2,-605.576594167115,1.04057938202663,0.045156135471363,i7-13,178329,236233,0.0483025298517992,0.047757,5-1_LX_773,FALSE,576,1748786,77233,60,876016,223,13,C1,128701A,1772312,0.0481557749660785,163.165454,ATTGGC,357234,1763534,5-1_LX_773,1727844,0.0456434667249049,ACATCG-ATTGGC,1944138,i5-13,217280,77919,ACATCG,217373,FALSE,22629,1781264,128701A,17730,0.217121330630357,0.0606428591828906,264.356814,13,0.0780717296466803,0.0798137635445788,2084,0.252500501558962,FALSE,4209,0.988,/data1/shahs3/isabl_data_lake/analyses/60/71/36071/results/SHAH_H002689_T03_01_DLP01_hmmcopy_metrics.csv.gz,0.226086956521739,0.778846153846154,0.0394088669950739,0.236714975845411,0.885542168674699,0,0.162393162393162,0.973913043478261,0.360655737704918,0,0.5,1,0,0,0.627450980392157,0.964285714285714,0,0,0,0.439834024896266,0.933035714285714,0.0714285714285714,1,1.69401787760715,0.375633623705994,0.469172587669035,0.530827412330965,H
128701A-R13-C14,0.0110960420725664,2,73388,35,2,0.05367380580337,0.213189119631185,0.209463779760657,0.790349875482992,0.384326525674316,0,0.237568259389209,210.02220563538,216,80.9294278688018,1125509,673.658515683612,249.991235598499,0.0667375109397162,0.12557868093758,0.114289740510707,40,1.72095710015057,2,-2354.59569319623,2.09785258037828,0.0443885378305239,i7-14,155000,222569,0.0472917827984529,0.046925,5-1_LX_773,FALSE,452,1645411,72254,59,823774,234,13,C1,128701A,1660890,0.0471561382187958,173.061225,TGCTTT,310452,1658007,5-1_LX_773,1625738,0.0449325321027739,ACATCG-TGCTTT,1999997,i5-13,205399,72941,ACATCG,205487,FALSE,14577,1668886,128701A,10879,0.199949923399777,0.058190016841031,277.710225,14,0.0737646032721468,0.0750926214250006,1925,0.249091513324639,FALSE,4482,0.998,/data1/shahs3/isabl_data_lake/analyses/60/71/36071/results/SHAH_H002689_T03_01_DLP01_hmmcopy_metrics.csv.gz,0.226086956521739,0.572115384615385,0.0394088669950739,0.202898550724638,0.885542168674699,0,0.162393162393162,0.973913043478261,0.442622950819672,0,0.5,0.397790055248619,0,0,0.627450980392157,0.977272727272727,0,0,0,0.435684647302905,0.933035714285714,0.0824175824175824,1,1.7520055008022,0.353890406205406,0.412560165024066,0.587439834975934,0
128701A-R13-C15,0.0169542181393087,2,65078,39,2,0.0370075054547285,0.148924558467507,0.145851435641955,0.845936649702438,0.363371362926735,0,0.209094379006224,194.646828358209,205,71.367685986817,1043307,571.746886111477,212.259100800512,0.0599259042900897,0.0510997706746783,0.0820125581177245,46,1.72756781658803,2,-569.396098135867,2.03270103259865,0.0393111186100357,i7-15,142998,212268,0.0419610842563742,0.041685,5-1_LX_773,FALSE,356,1529228,72225,58,765474,212,13,C1,128701A,1541800,0.0418301624111355,158.071969,CCTATT,286352,1540796,5-1_LX_773,1508726,0.0399063741610203,ACATCG-CCTATT,1872139,i5-13,193803,72753,ACATCG,193868,FALSE,11859,1549839,128701A,9043,0.198283001321521,0.0515918436089538,252.844589,15,0.0675621760986677,0.0687321146684211,1377,0.279119688773213,FALSE,4749,0.998,/data1/shahs3/isabl_data_lake/analyses/60/71/36071/results/SHAH_H002689_T03_01_DLP01_hmmcopy_metrics.csv.gz,0.226086956521739,0.557692307692308,0.0394088669950739,0.231884057971015,0.879518072289157,0,0.170940170940171,0.973913043478261,0.434426229508197,0,0.51063829787234,0.406077348066298,0,0,0.627450980392157,0.967532467532468,0,0,0,0.439834024896266,0.950892857142857,0.0714285714285714,1,1.75017190006876,0.349309346876421,0.411643364657346,0.588356635342654,J
128701A-R13-C16,0.000614152280658862,2,39565,39,2,0.0548854043631539,0.156061810393976,0.154836591329575,0.842921912960072,0.366280175950135,0,0.214258934791617,137.43613649077,132,57.5908326503572,737070,881.358913338323,335.019729477512,0.0686523740499428,0.0570661916240613,0.0898763143661875,46,1.73994876716191,2,-864.827988030226,2.00388129606966,0.0225524663498168,i7-16,115795,186685,0.0244868169956071,0.02409,5-1_LX_773,FALSE,315,1134106,79882,57,565995,152,13,C1,128701A,1146932,0.0243823055813572,102.133942,TCTTCT,231905,1140626,5-1_LX_773,1112640,0.0231045048224196,ACATCG-TCTTCT,1234366,i5-13,161341,80587,ACATCG,161400,FALSE,11949,1150777,128701A,10151,0.215226518693342,0.0308204374691942,177.762673,16,0.0462817398513233,0.0473083434798375,1007,0.913595972935852,TRUE,4363,1,/data1/shahs3/isabl_data_lake/analyses/60/71/36071/results/SHAH_H002689_T03_01_DLP01_hmmcopy_metrics.csv.gz,0.226086956521739,0.552884615384615,0.0394088669950739,0.188405797101449,0.879518072289157,0,0.170940170940171,0.973913043478261,0.352459016393443,0,0.542553191489362,0.397790055248619,0,0,0.627450980392157,0.970779220779221,0.00354609929078014,0,0,0.431535269709544,0.933035714285714,0.0604395604395604,1,1.75360990144396,0.347576947283874,0.408205363282145,0.591794636717855,A
128701A-R13-C21,0.0139818944569646,2,64668,40,2,0.0368564833209302,0.17641895513482,0.17287303140074,0.807750729302136,0.366394406910213,0,0.222799986223708,188.819809736989,196,69.7817973531025,1012263,567.166976734231,210.860992458628,0.069843343555614,0.0661027940281434,0.0981216406213598,47,1.73782073996099,2,-1417.2998840823,2.06690986322671,0.0385063829125834,i7-21,136988,200290,0.0410428765548417,0.040762,5-1_LX_773,FALSE,415,1470095,65141,52,736708,218,13,C1,128701A,1483886,0.0409221610258169,158.01639,TGGAGC,274391,1482868,5-1_LX_773,1453996,0.0392972635770957,ACATCG-TGGAGC,1815383,i5-13,183744,65715,ACATCG,183811,FALSE,13031,1491534,128701A,8666,0.197858065845797,0.0504004481759868,257.841406,21,0.0654701343532894,0.0666356551723612,1606,0.260753498975664,FALSE,4688,1,/data1/shahs3/isabl_data_lake/analyses/60/71/36071/results/SHAH_H002689_T03_01_DLP01_hmmcopy_metrics.csv.gz,0.228985507246377,0.557692307692308,0.0394088669950739,0.256038647342995,0.879518072289157,0,0.153846153846154,0.973913043478261,0.385245901639344,0,0.51063829787234,0.406077348066298,0,0,0.627450980392157,0.964285714285714,0.0106382978723404,0,0.0113207547169811,0.439834024896266,0.941964285714286,0.0714285714285714,1,1.75338070135228,0.348151681489008,0.408892963557185,0.591107036442815,J
128701A-R13-C22,0.0190230607966457,2,40874,39,2,0.044894206722115,0.205243606573764,0.197359825126129,0.777059061789146,0.378079634816912,0,0.243370905448744,124.079462786794,128,47.4590674947638,665190,955.41455602976,352.418959665098,0.0803472087687984,0.0773803200092115,0.113758296586989,46,1.74944973853799,2,-2107.84210732549,2.06439608232351,0.0250611964778483,i7-22,82959,130820,0.0267775195374733,0.026533,5-1_LX_773,FALSE,231,958442,43437,51,480247,212,13,C1,128701A,966636,0.0266986909133096,150.695372,CTTCGA,166149,966543,5-1_LX_773,947712,0.0255904482512056,ACATCG-CTTCGA,1289209,i5-13,119333,43792,ACATCG,119391,FALSE,7711,971610,128701A,5067,0.183826642106106,0.0323513300944763,249.274314,22,0.0424762759381418,0.043209595470284,939,0.281644327245749,FALSE,4714,1,/data1/shahs3/isabl_data_lake/analyses/60/71/36071/results/SHAH_H002689_T03_01_DLP01_hmmcopy_metrics.csv.gz,0.223188405797101,0.548076923076923,0.0394088669950739,0.231884057971015,0.879518072289157,0,0.162393162393162,0.973913043478261,0.352459016393443,0,0.51063829787234,0.406077348066298,0,0,0.588235294117647,0.970779220779221,0,0.00738007380073801,0,0.435684647302905,0.9375,0.0769230769230769,1,1.7554435021774,0.352603901151602,0.412330964932386,0.587669035067614,J
128701A-R13-C23,0.000941046699886851,2,44320,42,2,0.0528205282143551,0.184566065283365,0.182253872504217,0.812491706861833,0.377041649221842,0,0.23029582336323,138.326309901175,140,53.9484380864207,741844,647.874906447367,245.182888982743,0.0776908073106104,0.0747826275831031,0.100020447655221,48,1.7396741356218,2,-1611.87892992405,2.08382126457861,0.0260122927744356,i7-23,105358,156376,0.0278882483840321,0.027702,5-1_LX_773,FALSE,237,1098265,54613,50,550761,186,13,C1,128701A,1110154,0.0277969969920791,130.262528,GGAGAA,210953,1108485,5-1_LX_773,1085478,0.0266192510306731,ACATCG-GGAGAA,1309436,i5-13,140470,55172,ACATCG,140550,FALSE,11166,1116088,128701A,7603,0.202926750503228,0.0344787944435466,218.861234,23,0.0475985577504787,0.0485179370280148,861,0.383163942223271,FALSE,4346,0.998,/data1/shahs3/isabl_data_lake/analyses/60/71/36071/results/SHAH_H002689_T03_01_DLP01_hmmcopy_metrics.csv.gz,0.226086956521739,0.548076923076923,0.0394088669950739,0.202898550724638,0.879518072289157,0,0.162393162393162,0.973913043478261,0.368852459016393,0,0.51063829787234,0.400552486187845,0,0,0.627450980392157,0.967532467532468,0,0,0,0.439834024896266,0.9375,0.0604395604395604,1,1.75842310336924,0.354740474771018,0.413018565207426,0.586981434792574,0
128701A-R13-C24,0.00987248974060858,2,60142,38,2,0.0370742144726101,0.177565939577344,0.171594567419664,0.807485230102219,0.369086383341818,0,0.221979578176459,176.827547592385,184,65.8816694733217,947442,664.58795886149,248.666091676971,0.0669489624408553,0.0683042687555602,0.0969362197362195,42,1.72489284081714,2,-1471.4627319599,2.04775744511775,0.0356421632896344,i7-24,137840,191553,0.0380979094248524,0.03769,5-1_LX_773,FALSE,359,1406453,64071,49,703706,211,13,C1,128701A,1417894,0.0379792265834177,149.215831,TTTCAC,276039,1416371,5-1_LX_773,1388126,0.0362210025962564,ACATCG-TTTCAC,1632429,i5-13,175496,64535,ACATCG,175580,FALSE,10791,1425188,128701A,8817,0.208582759944943,0.0473206508309483,248.005366,24,0.0622928982506787,0.0633836264830079,1319,0.260923022856847,FALSE,4628,1,/data1/shahs3/isabl_data_lake/analyses/60/71/36071/results/SHAH_H002689_T03_01_DLP01_hmmcopy_metrics.csv.gz,0.228985507246377,0.572115384615385,0.0394088669950739,0.202898550724638,0.885542168674699,0,0.170940170940171,0.973913043478261,0.385245901639344,0,0.51063829787234,0.397790055248619,0,0,0.627450980392157,0.964285714285714,0,0.011070110701107,0,0.439834024896266,0.950892857142857,0.0494505494505495,1,1.75383910153564,0.349294634353342,0.409809763923906,0.590190236076094,0
128701A-R13-C25,0.00128186256470646,2,31558,42,2,0.09864297448384,0.238687955801347,0.219741035696521,0.755344832491037,0.395220533848514,0,0.247657011749745,101.763707571802,98,43.1513726985607,545657,1627.30533094524,619.041359371994,0.0953959747297777,0.119158281871591,0.133696337377583,45,1.73310843741657,2,-2905.47409356791,2.0596299998017,0.0186768790670804,i7-25,72001,119498,0.0199882282145162,0.019909,5-1_LX_773,FALSE,213,796877,43279,48,399320,179,13,C1,128701A,804446,0.0199221798919303,128.116419,GATCTG,144215,804015,5-1_LX_773,786388,0.0192295305622637,ACATCG-GATCTG,1017147,i5-13,106608,43668,ACATCG,106668,FALSE,7067,808874,128701A,4859,0.191272770940259,0.024388962351121,211.928707,25,0.0340936367368158,0.0347270005895751,789,0.821463361782382,TRUE,4373,0.99,/data1/shahs3/isabl_data_lake/analyses/60/71/36071/results/SHAH_H002689_T03_01_DLP01_hmmcopy_metrics.csv.gz,0.228985507246377,0.548076923076923,0.0394088669950739,0.222222222222222,0.885542168674699,0,0.222222222222222,0.973913043478261,0.467213114754098,0,0.595744680851064,0.406077348066298,0,0,0.666666666666667,0.970779220779221,0,0,0.0113207547169811,0.435684647302905,0.941964285714286,0.0879120879120879,1,1.7508595003438,0.350340274386454,0.412330964932386,0.587669035067614,0
128701A-R13-C26,0.0113345706713944,2,55577,44,2,0.0387466976212499,0.183854316742606,0.182405324844052,0.803330045450101,0.371828997697142,0,0.229737897293544,165.793579693916,172,62.1300756027835,888322,552.161065579841,203.837946429106,0.0905913395889874,0.0885424234917698,0.10004855996573,52,1.73426262738048,2,-1667.5386306882,2.08513648780036,0.0341074071071628,i7-26,108038,173540,0.0363478331122634,0.036156,5-1_LX_773,FALSE,245,1267107,57579,47,634343,222,13,C1,128701A,1278976,0.0362431160113073,162.384793,GCATTT,216321,1276677,5-1_LX_773,1251762,0.0348905911680625,ACATCG-GCATTT,1731867,i5-13,159535,58081,ACATCG,159589,FALSE,11209,1285292,128701A,8615,0.181311572742356,0.043787533203585,263.105206,26,0.0564845116770582,0.0575017817070915,1255,0.260765396507605,FALSE,4365,1,/data1/shahs3/isabl_data_lake/analyses/60/71/36071/results/SHAH_H002689_T03_01_DLP01_hmmcopy_metrics.csv.gz,0.226086956521739,0.548076923076923,0.0394088669950739,0.318840579710145,0.879518072289157,0,0.162393162393162,0.973913043478261,0.409836065573771,0,0.51063829787234,0.406077348066298,0,0,0.627450980392157,0.964285714285714,0,0,0,0.431535269709544,0.933035714285714,0.0714285714285714,1,1.75017190006876,0.354352904877338,0.416685766674307,0.583314233325693,J
128701A-R13-C27,0.0143170723062958,2,52923,39,2,0.0411929106902398,0.179700029961887,0.175669033812966,0.791159410822059,0.36274940893823,0,0.235753497034267,158.875769445999,166,58.1975362073562,851733,653.229674026895,244.359148851992,0.0692743529637155,0.0662092487940562,0.0986686176926144,45,1.74115663611515,2,-1494.91068733986,2.0003537884422,0.0323522102272473,i7-27,105878,167920,0.0345232592024871,0.034281,5-1_LX_773,FALSE,336,1224514,55919,46,612939,216,13,C1,128701A,1235742,0.0344228550745018,158.218499,GTTTGT,212092,1233717,5-1_LX_773,1208826,0.0329637751695426,ACATCG-GTTTGT,1646781,i5-13,153740,56429,ACATCG,153796,FALSE,10564,1241319,128701A,7602,0.183989414057662,0.0417246154707096,256.239999,27,0.0543172279291562,0.0552989734793231,1410,0.262443495233189,FALSE,4445,1,/data1/shahs3/isabl_data_lake/analyses/60/71/36071/results/SHAH_H002689_T03_01_DLP01_hmmcopy_metrics.csv.gz,0.226086956521739,0.572115384615385,0.0394088669950739,0.236714975845411,0.885542168674699,0,0.170940170940171,0.973913043478261,0.360655737704918,0,0.51063829787234,0.403314917127072,0,0,0.607843137254902,0.964285714285714,0,0,0,0.443983402489627,0.9375,0.0714285714285714,1,1.7508595003438,0.349423263840832,0.411414164565666,0.588585835434334,I
128701A-R13-C28,0.0156892700287107,2,54712,37,2,0.05242627409722,0.196455019256043,0.188197225109296,0.788189733791681,0.371621737084486,0,0.228950285714969,163.135931381689,167,61.2832770187161,874898,967.760993159221,353.91619358416,0.0824568059799554,0.0800395240625513,0.105895368311128,42,1.71860503144187,2,-1815.48641268131,2.0176484183763,0.033082368374059,i7-28,118014,176925,0.0352983747246766,0.035065,5-1_LX_773,FALSE,335,1276042,60045,45,637913,214,13,C1,128701A,1287660,0.0351914256972833,154.790639,CTATCT,236363,1284105,5-1_LX_773,1258034,0.0338206003096239,ACATCG-CTATCT,1584326,i5-13,162555,60610,ACATCG,162631,FALSE,10880,1292720,128701A,8615,0.19725937519329,0.0432772367364675,253.380541,28,0.056579823608297,0.0576015197712289,1401,0.280123854869408,FALSE,4440,1,/data1/shahs3/isabl_data_lake/analyses/60/71/36071/results/SHAH_H002689_T03_01_DLP01_hmmcopy_metrics.csv.gz,0.223188405797101,0.557692307692308,0.0394088669950739,0.251207729468599,0.873493975903615,0,0.162393162393162,0.982608695652174,0.360655737704918,0,0.51063829787234,0.400552486187845,0,0,0.627450980392157,0.964285714285714,0,0,0,0.431535269709544,0.9375,0.0714285714285714,1,1.75131790052716,0.349651518127457,0.411414164565666,0.588585835434334,G
128701A-R13-C42,0.0183347338067602,2,65481,42,2,0.0623072967140899,0.236094893542996,0.227681073083123,0.750136466089619,0.399088821197166,0,0.253120012969665,181.422201492537,185,72.8931811168577,972423,1153.27274712219,437.753791244391,0.141978899864064,0.26728764361898,0.126389461865326,45,1.73230991586355,2,-3097.03905835023,2.05125410941325,0.0387595961436178,i7-42,139790,193978,0.0412677446747559,0.041015,5-1_LX_773,FALSE,359,1429905,60986,31,716667,240,13,C1,128701A,1442682,0.041148870976691,170.404339,AAAATG,279939,1442141,5-1_LX_773,1415954,0.0394482420855463,ACATCG-AAAATG,1673664,i5-13,179309,61464,ACATCG,179392,FALSE,12126,1449967,128701A,7826,0.208122312137117,0.0512088572187844,281.333349,42,0.064393688128929,0.0655221611614153,1356,0.257484627536946,FALSE,4710,0.998,/data1/shahs3/isabl_data_lake/analyses/60/71/36071/results/SHAH_H002689_T03_01_DLP01_hmmcopy_metrics.csv.gz,0.226086956521739,0.557692307692308,0.0738916256157636,0.241545893719807,0.879518072289157,0,0.162393162393162,0.973913043478261,0.426229508196721,0,0.531914893617021,0.406077348066298,0,0,0.627450980392157,0.964285714285714,0,0,0,0.435684647302905,0.941964285714286,0.10989010989011,1,1.74925509970204,0.352059853066032,0.414852165940866,0.585147834059134,0
128701A-R13-C43,0.0143212626137645,2,74789,49,2,0.0552177771223898,0.201954420377235,0.200430453158052,0.795112742812574,0.387177106739643,0,0.261549641801311,208.862796341236,216,80.974389679939,1118878,816.339122813289,295.902463991485,0.0890952825626606,0.0880827187364686,0.120654333467156,53,1.70591418188445,2,-2248.99920260156,1.95523336537753,0.0441457830269953,i7-43,171552,222223,0.0471214693698357,0.046704,5-1_LX_773,FALSE,471,1671354,69648,30,837280,233,13,C1,128701A,1685460,0.046989112875941,168.53992,ATTCCG,343575,1684776,5-1_LX_773,1653074,0.0447523119606652,ACATCG-ATTCCG,1846461,i5-13,204941,70229,ACATCG,205021,FALSE,13339,1693661,128701A,8885,0.218875220501428,0.0591911114492626,275.475176,43,0.0751305406397472,0.0763875362690907,1733,0.253892754671639,FALSE,4585,1,/data1/shahs3/isabl_data_lake/analyses/60/71/36071/results/SHAH_H002689_T03_01_DLP01_hmmcopy_metrics.csv.gz,0.226086956521739,0.552884615384615,0.0541871921182266,0.449275362318841,0.885542168674699,0,0.162393162393162,1,0.368852459016393,0,0.51063829787234,0.403314917127072,0,0,0.627450980392157,0.961038961038961,0,0.018450184501845,0,0.439834024896266,0.9375,0.0934065934065934,1,1.73871189548476,0.353996231282124,0.422186568874628,0.577813431125373,0
128701A-R13-C44,0.0179143875690533,2,101455,41,2,0.0331916839361099,0.137741974945549,0.133191780173686,0.866455058360655,0.358992266357809,0,0.201876830315604,299.52293064877,318,108.230412306171,1606641,469.798062458736,169.691326628194,0.0572818013111524,0.0437990048057222,0.0818680083765768,47,1.72889657331557,2,-71.4013538224201,1.93940000982671,0.0621672800919658,i7-44,199288,305036,0.066166097246394,0.065576,5-1_LX_773,FALSE,575,2290198,95057,29,1146868,227,13,C1,128701A,2304116,0.06599096855658,162.545279,TATATC,399151,2307301,5-1_LX_773,2265044,0.0620818407509636,ACATCG-TATATC,3068659,i5-13,281262,95615,ACATCG,281360,FALSE,13109,2315151,128701A,7850,0.185660129842188,0.0800804263649685,267.256449,44,0.102568533086505,0.104084830337865,2282,0.252281375155782,FALSE,4490,0.996,/data1/shahs3/isabl_data_lake/analyses/60/71/36071/results/SHAH_H002689_T03_01_DLP01_hmmcopy_metrics.csv.gz,0.226086956521739,0.548076923076923,0.0394088669950739,0.202898550724638,0.879518072289157,0,0.170940170940171,0.973913043478261,0.360655737704918,0,0.51063829787234,0.397790055248619,0,0,0.627450980392157,0.964285714285714,0,0,0,0.448132780082988,0.9375,0.0989010989010989,1,1.75406830162732,0.35147072160617,0.411872564749026,0.588127435250974,0
128701A-R13-C45,0.011369802111931,2,62914,44,2,0.0427546129135186,0.183053553330057,0.179558827138717,0.811267081800881,0.374047910844397,0,0.242727841988151,182.435820895522,191,68.4591072129986,977856,591.398044360124,219.604279671806,0.0787370512163629,0.0701805208968986,0.104749723285903,50,1.73890705466651,2,-1581.21254946069,2.04393695340258,0.0385331663522227,i7-45,125725,187066,0.0410666643191301,0.040711,5-1_LX_773,FALSE,345,1408775,58954,28,705770,234,13,C1,128701A,1419474,0.040950588024748,169.998096,CAGGCC,251795,1420512,5-1_LX_773,1392948,0.0390524665171382,ACATCG-CAGGCC,1832314,i5-13,172743,59382,ACATCG,172804,FALSE,10109,1426666,128701A,6154,0.190005590585172,0.049969373007654,276.402077,45,0.0633399148340136,0.0643771477583005,1550,0.253892754671639,FALSE,4282,0.998,/data1/shahs3/isabl_data_lake/analyses/60/71/36071/results/SHAH_H002689_T03_01_DLP01_hmmcopy_metrics.csv.gz,0.228985507246377,0.548076923076923,0.0394088669950739,0.193236714975845,0.879518072289157,0,0.162393162393162,0.982608695652174,0.368852459016393,0,0.51063829787234,0.397790055248619,0,1,0.627450980392157,0.964285714285714,0,0,0,0.439834024896266,0.9375,0.043956043956044,1,1.74237909695164,0.355899611410739,0.422186568874628,0.577813431125373,0
128701A-R13-C46,0.0183559115319688,2,68380,38,2,0.039158692177528,0.201896566302575,0.194945174219377,0.789273801863682,0.375862576659593,0,0.239111881215055,199.356873822976,208,75.090535829261,1058585,538.395606663699,213.801873444796,0.0768008182864374,0.0979432451519052,0.111641424454313,46,1.72675836441048,2,-2043.66376157991,1.99681564409583,0.0412583330571795,i7-46,138116,203082,0.0439283808831655,0.043658,5-1_LX_773,FALSE,391,1525328,64040,27,764969,229,13,C1,128701A,1542358,0.043808883999516,167.184611,GGTAGA,276623,1539230,5-1_LX_773,1511158,0.0419359521389153,ACATCG-GGTAGA,1950604,i5-13,186898,64766,ACATCG,187001,FALSE,16051,1549919,128701A,10689,0.19208445993814,0.0535449007836466,271.306671,46,0.0683616187485617,0.0696532181034881,1581,0.250611985700981,FALSE,4391,0.998,/data1/shahs3/isabl_data_lake/analyses/60/71/36071/results/SHAH_H002689_T03_01_DLP01_hmmcopy_metrics.csv.gz,0.226086956521739,0.5625,0.0394088669950739,0.241545893719807,0.885542168674699,0,0.162393162393162,0.973913043478261,0.385245901639344,0,0.51063829787234,0.406077348066298,0,0,0.627450980392157,0.964285714285714,0,0,0,0.435684647302905,0.950892857142857,0.0769230769230769,1,1.73641989456796,0.381220283987426,0.410726564290626,0.589273435709374,0
128701A-R13-C47,0.0192598887515451,2,71621,40,2,0.042266611094575,0.141301176682388,0.139303324613392,0.856064063538605,0.35873880689553,0,0.208405585798062,214.750233165454,227,78.2714595082165,1151276,592.017085329349,220.78647003863,0.0579644317484728,0.0474129322638061,0.0842069946612219,45,1.76012550548007,2,-449.901307507376,1.93703809746471,0.0424533982891693,i7-47,166015,244903,0.0456661330802099,0.04504,5-1_LX_773,FALSE,484,1715768,86017,26,857252,204,13,C1,128701A,1731730,0.0455292988705437,147.041542,TTGACT,332514,1725161,5-1_LX_773,1689902,0.0431012789401001,ACATCG-TTGACT,2007827,i5-13,222378,86714,ACATCG,222474,FALSE,15027,1735549,128701A,10388,0.205329308868003,0.0566134517727938,241.222521,47,0.0753379153954539,0.0767015486205948,1666,0.281644327245749,FALSE,4747,0.998,/data1/shahs3/isabl_data_lake/analyses/60/71/36071/results/SHAH_H002689_T03_01_DLP01_hmmcopy_metrics.csv.gz,0.226086956521739,0.552884615384615,0.0394088669950739,0.246376811594203,0.879518072289157,0,0.170940170940171,0.973913043478261,0.418032786885246,0,0.51063829787234,0.406077348066298,0,0,0.627450980392157,0.964285714285714,0,0,0,0.431535269709544,0.9375,0.0604395604395604,1,1.75246390098556,0.34999106214223,0.411184964473986,0.588815035526014,0
128701A-R13-C50,0.0144865220069462,2,56164,40,2,0.038584622535708,0.188187023376161,0.185024794645821,0.793956120245116,0.370877851243228,0,0.231662839875844,166.792399850243,174,62.0330838816558,891005,538.176511898739,206.112885463829,0.0732348520999656,0.0964712983993578,0.100110260194607,45,1.73975269813038,2,-1709.14042745416,2.06501818853829,0.0349778242440166,i7-50,102883,168084,0.0371112438357777,0.03684,5-1_LX_773,FALSE,296,1259445,53114,23,630600,231,13,C1,128701A,1269188,0.0370083182724804,167.333046,CTGATC,206062,1268986,5-1_LX_773,1245080,0.0354239969493168,ACATCG-CTGATC,1812748,i5-13,155308,53541,ACATCG,155355,FALSE,9174,1275476,128701A,6490,0.174160249291462,0.044349001492708,272.722621,50,0.0564514457658774,0.0573982042652363,1258,0.255596111678965,FALSE,4643,1,/data1/shahs3/isabl_data_lake/analyses/60/71/36071/results/SHAH_H002689_T03_01_DLP01_hmmcopy_metrics.csv.gz,0.226086956521739,0.548076923076923,0.0394088669950739,0.198067632850242,0.885542168674699,0,0.162393162393162,0.973913043478261,0.377049180327869,0,0.51063829787234,0.400552486187845,0,0,0.607843137254902,0.967532467532468,0,0,0,0.431535269709544,0.941964285714286,0.0989010989010989,1,1.7531515012606,0.351477342241556,0.412330964932386,0.587669035067614,D
128701A-R13-C52,0.0192594272472079,2,63674,115,2,0.0847942421806098,0.258113738171328,0.249819175998382,0.696391763278111,0.407898753501374,0,0.287390253624902,184.600970511385,182,78.1611667078829,989092,1564.02322563318,549.037242312496,0.126033799849542,0.191586316094616,0.149860577822162,121,1.86650467075847,2,-4112.89421428807,1.91139487371996,0.0390729227653037,i7-52,120989,194092,0.0414271886248478,0.041297,5-1_LX_773,FALSE,348,1410441,59804,21,705531,235,13,C1,128701A,1420594,0.0413272593816873,170.684137,CTGGGT,242326,1418973,5-1_LX_773,1394770,0.0396450180935605,ACATCG-CTGGGT,1917976,i5-13,179632,60179,ACATCG,179704,FALSE,9604,1426446,128701A,7473,0.183330820206671,0.050000366899304,277.681781,52,0.063268466107015,0.0642586315940244,1521,0.350557265201977,FALSE,4779,0.96,/data1/shahs3/isabl_data_lake/analyses/60/71/36071/results/SHAH_H002689_T03_01_DLP01_hmmcopy_metrics.csv.gz,0.226086956521739,0.572115384615385,0.0394088669950739,0.207729468599034,0.885542168674699,0,0.162393162393162,0.973913043478261,0.418032786885246,0,0.521276595744681,0.397790055248619,0,0,0.627450980392157,0.961038961038961,0,0,0,0.431535269709544,0.941964285714286,0.0769230769230769,1,1.8439147375659,0.478841342568174,0.463900985560394,0.536099014439606,0
128701A-R13-C53,0.0174024466002465,2,76205,38,2,0.04992196979165,0.204042574994674,0.19980024883507,0.768244832284972,0.368420766573585,0,0.247664363457482,216.810296586458,225,80.1803239063158,1162320,612.222839048334,239.13636398252,0.0777631247980336,0.106754669170497,0.118966527296082,42,1.7227427746389,2,-2134.30740658939,1.97083075918389,0.0468178274325603,i7-53,152437,243734,0.0498624207563311,0.049398,5-1_LX_773,FALSE,568,1701998,90581,20,842021,245,13,C1,128701A,1712410,0.0497191957510901,175.085546,AGCGCT,305442,1695015,5-1_LX_773,1661978,0.0470672108043053,ACATCG-AGCGCT,2159369,i5-13,227378,90986,ACATCG,227464,FALSE,9755,1712744,128701A,17729,0.194577481119995,0.0607764601135971,287.879581,53,0.075931072010655,0.0771809769293153,2001,0.257072784709476,FALSE,4544,0.998,/data1/shahs3/isabl_data_lake/analyses/60/71/36071/results/SHAH_H002689_T03_01_DLP01_hmmcopy_metrics.csv.gz,0.452173913043478,0.548076923076923,0.0394088669950739,0.241545893719807,0.879518072289157,0.0138888888888889,0.170940170940171,0.973913043478261,0.360655737704918,0,0.51063829787234,0.403314917127072,0,0,0.627450980392157,0.964285714285714,0,0,0,0.439834024896266,0.941964285714286,0.0714285714285714,1,1.73344029337612,0.321639399632376,0.392619757047903,0.607380242952097,G
128701A-R13-C56,0.0133831976792954,2,72420,41,2,0.0509782409889199,0.175995237578855,0.173630766879408,0.81300968335677,0.366416371571613,0,0.237690374722903,215.695838775891,225,79.9905185418194,1155914,680.046660671682,251.867212868914,0.0737028669501981,0.0630641294670902,0.0972575068055538,47,1.72559560558907,2,-1451.32716496439,2.02794054023564,0.043515621503472,i7-56,162727,231278,0.0464882099723944,0.04609,5-1_LX_773,FALSE,420,1700666,76313,17,852194,213,13,C1,128701A,1713506,0.0463451509995258,156.558983,AGCTAG,325874,1715221,5-1_LX_773,1682000,0.044109785957242,ACATCG-AGCTAG,2034401,i5-13,210489,76939,ACATCG,210589,FALSE,11974,1722604,128701A,7383,0.203031146777025,0.0574272518706084,252.755123,56,0.0751579682205134,0.0763778838239759,1567,0.283313716700551,FALSE,4284,1,/data1/shahs3/isabl_data_lake/analyses/60/71/36071/results/SHAH_H002689_T03_01_DLP01_hmmcopy_metrics.csv.gz,0.226086956521739,0.552884615384615,0.0394088669950739,0.202898550724638,0.879518072289157,0,0.162393162393162,0.973913043478261,0.434426229508197,0,0.51063829787234,0.397790055248619,0,1,0.627450980392157,0.967532467532468,0,0,0,0.439834024896266,0.933035714285714,0.0494505494505495,1,1.74077469630988,0.356216456104189,0.423332569333028,0.576667430666972,0
128701A-R13-C57,0.0187755766008035,2,51746,48,2,0.09443046117642,0.277478737199336,0.262920952913423,0.738121785860527,0.438209425112469,0,0.248662408849348,155.217781098244,154,68.0170307395286,831036,1698.37182413745,611.78598565483,0.118935332829709,0.15618720231811,0.143523692500039,53,1.64877068720981,2,-3722.88781719178,2.07709950341645,0.0325727795594808,i7-57,87695,149243,0.0346427486710987,0.034028,5-1_LX_773,FALSE,257,1162718,45568,16,582734,227,13,C1,128701A,1174358,0.0345538488133698,149.173449,AGCATC,175647,1172144,5-1_LX_773,1152276,0.0327864086444989,ACATCG-AGCATC,1837936,i5-13,138292,46221,ACATCG,138370,FALSE,10806,1179803,128701A,7659,0.160787897126605,0.0408788414066576,260.956073,57,0.0522693462813746,0.0532042410423308,1131,0.258876880649623,FALSE,4575,0.974,/data1/shahs3/isabl_data_lake/analyses/60/71/36071/results/SHAH_H002689_T03_01_DLP01_hmmcopy_metrics.csv.gz,0.223188405797101,0.610576923076923,0.0394088669950739,0.246376811594203,0.885542168674699,0.25,0.196581196581197,0.973913043478261,0.524590163934426,0.105691056910569,0.51063829787234,0.433701657458564,0,0,0.627450980392157,0.987012987012987,0,0.00738007380073801,0,0.431535269709544,0.941964285714286,0.104395604395604,1,1.7691955076782,0.457262695147169,0.418977767591107,0.581022232408893,0
128701A-R13-C58,0.0203525505171977,2,53510,76,1,0.114130619107485,0.257065004793531,0.23926703055202,0.829418293649868,0.502624608353481,0,0.536935591377877,157.082570521203,150,78.8671442327542,840863,1844.15069563321,684.490260759309,0.211135946053126,0.184763274150155,0.279848206484597,82,1.76373785540168,2,-3510.36203422558,1.04719777480961,0.0334998833722524,i7-58,96821,159186,0.0355329729864082,0.03545,5-1_LX_773,FALSE,225,1192133,49128,15,597227,235,13,C1,128701A,1201204,0.0354389477254583,168.055661,CGATTA,193867,1201473,5-1_LX_773,1180086,0.0340830793233954,ACATCG-CGATTA,1731063,i5-13,147401,49515,ACATCG,147459,FALSE,8536,1207080,128701A,5607,0.173223386876187,0.0423906393419176,276.846973,58,0.0536421283738325,0.0544811711953477,1037,0.260765396507605,FALSE,4237,0.904,/data1/shahs3/isabl_data_lake/analyses/60/71/36071/results/SHAH_H002689_T03_01_DLP01_hmmcopy_metrics.csv.gz,0.255072463768116,0.716346153846154,0.0443349753694581,0.236714975845411,0.879518072289157,0.104166666666667,0.376068376068376,0.973913043478261,0.426229508196721,0,0.595744680851064,0.397790055248619,0,0,0.627450980392157,0.961038961038961,0.124113475177305,0.0479704797047971,0.0830188679245283,0.45643153526971,0.941964285714286,0.10989010989011,1,1.81595232638093,0.786155368657471,0.483382993353197,0.516617006646803,0
128701A-R13-C59,0.0219641650197206,2,48191,37,2,0.0768275493197645,0.162805672292083,0.156924561378168,0.845595879871653,0.357448091534313,0,0.227762282640308,155.343592613318,156,58.7326333531724,832797,1238.63659449862,437.263646781325,0.0697029763391771,0.0646382656955537,0.0941733458409137,44,1.73871498108754,2,-960.86689236983,1.98478326935926,0.0284199781796774,i7-59,116657,179364,0.0305615327129074,0.030271,5-1_LX_773,FALSE,251,1234591,63743,14,618807,178,13,C1,128701A,1244976,0.0304499866843487,120.819656,CATTCA,233565,1246000,5-1_LX_773,1219412,0.0290950586210839,ACATCG-CATTCA,1494464,i5-13,160869,64258,ACATCG,160934,FALSE,9717,1252372,128701A,6372,0.199656503897639,0.0376843179489384,208.093223,59,0.0530628862386298,0.0540067380430938,828,0.627016043470742,TRUE,4370,1,/data1/shahs3/isabl_data_lake/analyses/60/71/36071/results/SHAH_H002689_T03_01_DLP01_hmmcopy_metrics.csv.gz,0.231884057971015,0.548076923076923,0.0394088669950739,0.241545893719807,0.879518072289157,0,0.162393162393162,0.973913043478261,0.360655737704918,0,0.51063829787234,0.406077348066298,0,0,0.627450980392157,0.970779220779221,0,0,0,0.435684647302905,0.941964285714286,0.0769230769230769,1,1.75223470089388,0.350106765627301,0.411414164565666,0.588585835434334,J
128701A-R13-C61,0,2,68056,41,2,0.0502257961716199,0.154800896348988,0.14966253065065,0.837884899026276,0.361026024846195,0,0.208579549291341,200.508768656716,212,72.9798679674408,1074727,585.543437151286,221.375832202202,0.0666622744264554,0.0543988702460985,0.0863301429635265,49,1.73765978644047,2,-699.983677654337,1.97882983447117,0.0409586600995904,i7-61,149608,212946,0.0437651891149554,0.043267,5-1_LX_773,FALSE,367,1580458,68766,12,791666,216,13,C1,128701A,1591434,0.0436348575712199,147.791584,ACATCG,299583,1592877,5-1_LX_773,1564002,0.041392394811302,ACATCG-ACATCG,1913177,i5-13,195449,69261,ACATCG,195522,FALSE,10295,1599639,128701A,6762,0.200972286735601,0.0539546151618669,251.858545,61,0.0703167240857065,0.0714215615233799,1180,0.253892754671639,FALSE,4526,0.998,/data1/shahs3/isabl_data_lake/analyses/60/71/36071/results/SHAH_H002689_T03_01_DLP01_hmmcopy_metrics.csv.gz,0.228985507246377,0.548076923076923,0.0394088669950739,0.198067632850242,0.879518072289157,0,0.162393162393162,0.973913043478261,0.39344262295082,0,0.51063829787234,0.397790055248619,0,0,0.627450980392157,0.964285714285714,0,0,0,0.431535269709544,0.9375,0.0714285714285714,1,1.75406830162732,0.349636700514928,0.410038964015586,0.589961035984414,C
128701A-R13-C62,0.0187063589278738,2,66392,39,2,0.0429353965350495,0.186417625250058,0.183506179367957,0.795070692149998,0.376044614940567,0,0.252134643985744,181.622197309417,188,69.031658338165,972042,514.655351966756,198.97786685494,0.0765681201197286,0.072570831160837,0.108639911879527,42,1.73258449287958,2,-1700.57291804288,1.94291179160447,0.0382613687792163,i7-62,157379,196875,0.0406246658326483,0.040561,5-1_LX_773,FALSE,310,1461667,61887,11,732354,233,13,C1,128701A,1472242,0.0404976768590848,152.642795,AAGCTA,315068,1473715,5-1_LX_773,1446354,0.0389076783505874,ACATCG-AAGCTA,1519950,i5-13,182171,62318,ACATCG,182242,FALSE,9986,1480101,128701A,6386,0.22855166240479,0.0516675256778631,266.807334,62,0.0656960831343935,0.0667442986971334,1000,0.290927295329105,FALSE,4336,0.998,/data1/shahs3/isabl_data_lake/analyses/60/71/36071/results/SHAH_H002689_T03_01_DLP01_hmmcopy_metrics.csv.gz,0.226086956521739,0.548076923076923,0.0394088669950739,0.241545893719807,0.879518072289157,0,0.162393162393162,0.973913043478261,0.39344262295082,0,0.51063829787234,0.406077348066298,0,0,0.627450980392157,0.967532467532468,0,0.003690036900369,0.00754716981132076,0.431535269709544,0.941964285714286,0.0824175824175824,1,1.74810909924364,0.35171295278972,0.415081366032546,0.584918633967454,0
128701A-R14-C12,0.00325636605576725,2,49783,53,2,0.084462462599905,0.264258231705,0.248599891007725,0.721370908431812,0.401925767635989,0,0.269306950974782,146.379142482681,146,59.2251199938906,781811,1412.85258495808,551.077681651651,0.13474230639123,0.183272639282405,0.15407941528526,60,1.72361586784616,2,-3698.79090778552,1.95989984675963,0.0308876086864473,i7-12,88610,148629,0.0327672395757468,0.032704,5-1_LX_773,FALSE,265,1099173,46398,61,550835,234,14,C1,128701A,1108776,0.0326794065163107,165.492713,GCGGAC,177485,1108534,5-1_LX_773,1088350,0.0315722778356428,AAGCTA-GCGGAC,1605665,i5-14,137623,46766,AAGCTA,137689,FALSE,9098,1114343,128701A,5809,0.171299944235643,0.0390590337543487,274.530488,12,0.0494468385039113,0.0502859280724053,1185,0.262364878491521,FALSE,4694,0.966,/data1/shahs3/isabl_data_lake/analyses/60/71/36071/results/SHAH_H002689_T03_01_DLP01_hmmcopy_metrics.csv.gz,0.223188405797101,0.548076923076923,0.0394088669950739,0.260869565217391,0.879518072289157,0.1875,0.213675213675214,0.973913043478261,0.360655737704918,0,0.521276595744681,0.406077348066298,0,0,0.607843137254902,0.967532467532468,0.099290780141844,0,0,0.493775933609959,0.982142857142857,0.0714285714285714,1,1.72243868897548,0.34958121328503,0.417602567041027,0.582397432958973,0
128701A-R14-C13,0.00104508799811643,2,65683,41,2,0.042386124038985,0.128939357468293,0.127318549559667,0.875982447599103,0.348298065033331,0,0.182212615790123,203.349440298507,217,71.8020288628321,1089953,564.553050270207,204.834632766439,0.0534484462322364,0.0412321320531561,0.0728375757974955,46,1.74875716684118,2,197.169647158527,2.00959349596651,0.0385546077405744,i7-13,170258,233564,0.04156931781643,0.040935,5-1_LX_773,FALSE,493,1652917,81907,60,828208,189,14,C1,128701A,1668378,0.0413999876863299,132.530116,ATTGGC,341009,1669418,5-1_LX_773,1627292,0.0390619094588927,AAGCTA-ATTGGC,1808299,i5-14,210937,82564,AAGCTA,211008,FALSE,14632,1679410,128701A,9992,0.218059256275006,0.0523628147696888,221.612113,13,0.0718373381787524,0.073212599473045,1670,0.281644327245749,FALSE,4659,0.998,/data1/shahs3/isabl_data_lake/analyses/60/71/36071/results/SHAH_H002689_T03_01_DLP01_hmmcopy_metrics.csv.gz,0.226086956521739,0.552884615384615,0.0394088669950739,0.207729468599034,0.885542168674699,0,0.162393162393162,0.973913043478261,0.360655737704918,0,0.51063829787234,0.397790055248619,0,0,0.627450980392157,0.964285714285714,0,0,0,0.431535269709544,0.941964285714286,0.0714285714285714,1,1.75567270226908,0.351569715868602,0.411184964473986,0.588815035526014,C
128701A-R14-C14,0.0145914168136391,2,77986,35,2,0.0292847025626899,0.175535327780452,0.173316624020488,0.81357883609657,0.367487933999428,0,0.239682074498347,228.828763290431,240,84.298515422097,1226751,513.721213964987,192.526492713697,0.072890596864243,0.0644492524876476,0.0993187067183867,41,1.727417457569,2,-1350.09319057166,1.97598407084198,0.0475922353022106,i7-14,160983,239540,0.0507757848260866,0.050387,5-1_LX_773,FALSE,433,1775357,77255,59,889357,226,14,C1,128701A,1791202,0.0506281868827849,164.780274,TGCTTT,322399,1790081,5-1_LX_773,1755542,0.0482531820850571,AAGCTA-TGCTTT,2251522,i5-14,220178,77973,AAGCTA,220260,FALSE,14888,1800296,128701A,10215,0.191613292712033,0.061962783015788,267.791598,14,0.0793837142306332,0.0807680515314345,1961,0.249091513324639,FALSE,4441,1,/data1/shahs3/isabl_data_lake/analyses/60/71/36071/results/SHAH_H002689_T03_01_DLP01_hmmcopy_metrics.csv.gz,0.234782608695652,0.552884615384615,0.0394088669950739,0.251207729468599,0.891566265060241,0,0.162393162393162,0.973913043478261,0.360655737704918,0,0.51063829787234,0.403314917127072,0,0,0.627450980392157,0.980519480519481,0,0,0,0.435684647302905,0.9375,0.0714285714285714,1,1.74948429979372,0.350111494652576,0.412789365115746,0.587210634884254,J
128701A-R14-C16,0.0166367507830923,2,74021,39,2,0.0395257391309149,0.17389813474025,0.168974912922942,0.81738743010889,0.368398708491654,0,0.22428131297452,214.956351426973,226,79.7271931855913,1152381,543.95711407706,206.763975909835,0.064779803482633,0.0601567860318804,0.0935933586074178,44,1.7340262412081,2,-1389.92130539189,2.09014311339769,0.0442186090167038,i7-16,163959,233017,0.0471709711963271,0.046844,5-1_LX_773,FALSE,458,1694900,78232,57,847176,222,14,C1,128701A,1709368,0.0470332990873672,159.184582,TCTTCT,328376,1705058,5-1_LX_773,1671958,0.0449660141939373,AAGCTA-TCTTCT,1983523,i5-14,214356,78894,AAGCTA,214429,FALSE,13588,1714366,128701A,9308,0.204887676814839,0.0584266948597243,261.336364,16,0.0755238290968385,0.0768184857041705,1914,0.250611985700981,FALSE,4745,1,/data1/shahs3/isabl_data_lake/analyses/60/71/36071/results/SHAH_H002689_T03_01_DLP01_hmmcopy_metrics.csv.gz,0.226086956521739,0.552884615384615,0.0394088669950739,0.231884057971015,0.879518072289157,0,0.162393162393162,0.973913043478261,0.385245901639344,0,0.521276595744681,0.403314917127072,0,0,0.627450980392157,0.964285714285714,0,0,0,0.439834024896266,0.9375,0.0989010989010989,1,1.75108870043548,0.351142211983707,0.413018565207426,0.586981434792574,0
128701A-R14-C17,0.000595509473875853,2,53376,39,2,0.03728546539128,0.159839115806718,0.158658954193305,0.828795570291097,0.359550077785989,0,0.208297079622591,160.230035533944,168,58.1389402566502,856750,431.752961044605,160.257193204809,0.0602355676374113,0.0533844483576437,0.0871019485737144,45,1.73643701345334,2,-844.355888317105,2.08679224464509,0.0324585824936416,i7-17,105249,165855,0.0345043421509841,0.034412,5-1_LX_773,FALSE,270,1221871,53630,56,612271,215,14,C1,128701A,1232878,0.0343953262623472,153.769487,ATAGAT,210768,1232916,5-1_LX_773,1207300,0.0331343111650782,AAGCTA-ATAGAT,1663079,i5-14,152436,54044,AAGCTA,152495,FALSE,10444,1239767,128701A,6851,0.184141724537084,0.0416980986500453,253.613255,17,0.0543687734045982,0.0553422727877262,1329,0.259084109520862,FALSE,4474,0.998,/data1/shahs3/isabl_data_lake/analyses/60/71/36071/results/SHAH_H002689_T03_01_DLP01_hmmcopy_metrics.csv.gz,0.226086956521739,0.548076923076923,0.0394088669950739,0.198067632850242,0.879518072289157,0,0.162393162393162,0.973913043478261,0.360655737704918,0,0.51063829787234,0.397790055248619,0,0,0.627450980392157,0.970779220779221,0,0,0,0.435684647302905,0.928571428571429,0.0989010989010989,1,1.75269310107724,0.349875253567708,0.410955764382306,0.589044235617694,0
128701A-R14-C19,0.00861240140926823,4,39683,41,4,0.10526478816145,0.374189673579006,0.364843443659855,0.792326584065865,0.368827298310625,0,0.230403078895588,127.858182496734,131,48.3503031414142,685192,2139.26086443541,481.129729718238,0.104351387093925,0.387227668911591,0.0740839842250409,47,3.36703932529052,4,-5434.62162942215,4.09855624464907,0.0252027028062387,i7-19,61758,128804,0.0268323318207426,0.026732,5-1_LX_773,FALSE,209,935701,42547,54,468641,203,14,C1,128701A,942318,0.0267522758465938,143.928572,CTAAGG,123725,943414,5-1_LX_773,924420,0.0257926536365689,AAGCTA-CTAAGG,1731595,i5-14,117648,42860,AAGCTA,117708,FALSE,6186,947406,128701A,3992,0.142181857714756,0.0309253012589455,239.288838,19,0.0412452832350901,0.0419129958006038,946,0.267373183399687,FALSE,4868,0.988,/data1/shahs3/isabl_data_lake/analyses/60/71/36071/results/SHAH_H002689_T03_01_DLP01_hmmcopy_metrics.csv.gz,0.228985507246377,0.557692307692308,0.0394088669950739,0.251207729468599,0.879518072289157,0,0.170940170940171,0.973913043478261,0.401639344262295,0,0.478723404255319,0.406077348066298,0,0,0.627450980392157,0.964285714285714,0,0,0,0.443983402489627,0.9375,0.043956043956044,1,3.44327297730919,1.27801697888217,0.668347467338987,0.551684620673848,0
128701A-R14-C20,0.0206867671691792,2,38642,39,2,0.026429704562515,0.174439888384756,0.174111413333514,0.812893645244004,0.36524870614552,0,0.229294486327868,122.785088536813,126,46.4986332560821,658742,364.572612473009,139.188707290646,0.07292787619832,0.0890820707956177,0.0973700644022264,44,1.74596713384905,2,-1222.23681609025,1.96946855705817,0.0231727597473375,i7-20,87830,140243,0.024949765865968,0.024645,5-1_LX_773,FALSE,280,969909,50430,53,486168,187,14,C1,128701A,980576,0.0248627091287708,135.445936,TTATTC,175940,979245,5-1_LX_773,957182,0.0236707682152129,AAGCTA-TTATTC,1232222,i5-14,125745,50962,AAGCTA,125810,FALSE,9992,986261,128701A,7016,0.191039354353552,0.0304865650667896,221.189456,20,0.0418463497614767,0.0427001182036687,1076,0.381494552768469,FALSE,4678,1,/data1/shahs3/isabl_data_lake/analyses/60/71/36071/results/SHAH_H002689_T03_01_DLP01_hmmcopy_metrics.csv.gz,0.228985507246377,0.548076923076923,0.0344827586206897,0.193236714975845,0.891566265060241,0,0.170940170940171,0.973913043478261,0.418032786885246,0,0.51063829787234,0.397790055248619,0,0.0333333333333333,0.607843137254902,0.964285714285714,0,0,0,0.431535269709544,0.9375,0.0989010989010989,1,1.7531515012606,0.350101826423124,0.410955764382306,0.589044235617694,0
128701A-R14-C21,0.0012670082080097,2,66488,43,2,0.0397795986083449,0.186163310335436,0.183309221464812,0.810841538142506,0.371097524437236,0,0.24094963125579,195.704927211646,204,73.088969605895,1048587,539.286950594544,194.280026009971,0.0730097548223262,0.0861791686675346,0.104432721334656,48,1.7368629373467,2,-1661.83150797666,2.00024529355822,0.0404514386164912,i7-21,137493,204078,0.0431715263428127,0.042701,5-1_LX_773,FALSE,375,1523768,64890,52,763509,221,14,C1,128701A,1537034,0.0430455126079424,158.718572,TGGAGC,275361,1536645,5-1_LX_773,1506174,0.0409312502935931,AAGCTA-TGGAGC,1948551,i5-14,187872,65452,AAGCTA,187942,FALSE,12503,1544885,128701A,8240,0.191097140539444,0.052636603441594,260.849322,21,0.0680183943712776,0.0692113372904354,1592,0.260753498975664,FALSE,4226,1,/data1/shahs3/isabl_data_lake/analyses/60/71/36071/results/SHAH_H002689_T03_01_DLP01_hmmcopy_metrics.csv.gz,0.223188405797101,0.394230769230769,0.438423645320197,0.178743961352657,0.879518072289157,0,0.162393162393162,0.626086956521739,0.385245901639344,0,0.5,0.397790055248619,0,0,0.627450980392157,0.964285714285714,0,0,0,0.431535269709544,0.933035714285714,0.0714285714285714,1,1.75842310336924,0.353364958952586,0.411643364657346,0.588356635342654,D
128701A-R14-C22,0.00844988929682956,2,67307,41,2,0.0504976632480501,0.16722173431969,0.157912109163365,0.829565787432021,0.360199314399714,0,0.221809880030363,210.123338948156,218,77.3422449912288,1122689,1023.73005190207,375.630882146385,0.104027160895407,0.0961278911751703,0.095120309746913,46,1.74287197146995,2,-1029.11186279297,2.02272224665585,0.0413319015178666,i7-22,132204,218763,0.0439652349115841,0.043803,5-1_LX_773,FALSE,338,1596541,72086,51,799538,202,14,C1,128701A,1606570,0.0438280589653841,141.573134,CTTCGA,264746,1609369,5-1_LX_773,1576990,0.0418214775886534,AAGCTA-CTTCGA,2258616,i5-14,199758,72524,AAGCTA,199844,FALSE,9394,1615234,128701A,5865,0.176082380703362,0.0526388002271989,237.801204,22,0.070345961902923,0.0714482798396421,1493,0.37119186027281,FALSE,4642,1,/data1/shahs3/isabl_data_lake/analyses/60/71/36071/results/SHAH_H002689_T03_01_DLP01_hmmcopy_metrics.csv.gz,0.226086956521739,0.552884615384615,0.0394088669950739,0.207729468599034,0.879518072289157,0,0.170940170940171,0.973913043478261,0.360655737704918,0,0.51063829787234,0.397790055248619,0,0,0.607843137254902,0.967532467532468,0,0,0,0.439834024896266,0.950892857142857,0.0989010989010989,1,1.75452670181068,0.35215453866099,0.412330964932386,0.587669035067614,0
128701A-R14-C23,0.0235039471215071,2,75396,161,2,0.08378645512586,0.215224872853822,0.208651993176883,0.752558657817136,0.412755562952971,0,0.289128226924003,220.37723880597,218,93.4862358168597,1181222,1659.78790270124,520.83982363022,0.0751316600294987,0.185464091036052,0.12694732392882,174,1.88341272523767,2,-3587.1329141022,1.91475263960067,0.0460689717838489,i7-23,148218,232464,0.0489383093949809,0.048826,5-1_LX_773,FALSE,447,1690504,70655,50,846842,228,14,C1,128701A,1703412,0.0488043480289492,163.338846,GGAGAA,296883,1703939,5-1_LX_773,1672576,0.0468250338360531,AAGCTA-GGAGAA,2240538,i5-14,215084,71200,AAGCTA,215158,FALSE,12172,1711770,128701A,7831,0.186401409451749,0.0593548641812169,268.661246,23,0.0758532889068488,0.0770644247829295,1727,0.31321785324723,FALSE,4774,0.992,/data1/shahs3/isabl_data_lake/analyses/60/71/36071/results/SHAH_H002689_T03_01_DLP01_hmmcopy_metrics.csv.gz,0.226086956521739,0.548076923076923,0.0394088669950739,0.222222222222222,0.879518072289157,0,0.162393162393162,0.973913043478261,0.409836065573771,0,0.5,0.406077348066298,0,0,0.607843137254902,0.970779220779221,0,0,0,0.435684647302905,0.941964285714286,0.0934065934065934,1,1.83428833371533,0.426682821017007,0.451982580793032,0.548017419206968,A
128701A-R14-C24,0.000807854834700472,2,51408,45,2,0.03940409858245,0.153407864343771,0.147237448739014,0.852394271775534,0.365534274092427,0,0.20455278325092,162.382907258817,167,61.6847974430698,870210,595.721414967771,215.719008439842,0.0622926399482089,0.0529950909319375,0.0828066900251879,51,1.7450557162748,2,-584.55632149235,2.06360170689001,0.0298187138723047,i7-24,134162,187835,0.0319946796625227,0.031764,5-1_LX_773,FALSE,331,1310809,65732,49,657095,180,14,C1,128701A,1324166,0.0318883531759282,121.480058,TTTCAC,268655,1322502,5-1_LX_773,1295276,0.0305907477099549,AAGCTA-TTTCAC,1444326,i5-14,168734,66364,AAGCTA,168813,FALSE,12549,1331132,128701A,8630,0.216183813601586,0.0401523491901531,209.602805,24,0.0564829445248971,0.0575547640879402,1186,0.411176024960707,FALSE,4458,0.998,/data1/shahs3/isabl_data_lake/analyses/60/71/36071/results/SHAH_H002689_T03_01_DLP01_hmmcopy_metrics.csv.gz,0.228985507246377,0.548076923076923,0.0344827586206897,0.198067632850242,0.891566265060241,0,0.162393162393162,0.973913043478261,0.352459016393443,0,0.48936170212766,0.397790055248619,0,0,0.627450980392157,0.964285714285714,0,0,0,0.514522821576763,0.9375,0.0659340659340659,1,1.75750630300252,0.3570476085687,0.415768966307587,0.584231033692413,C
128701A-R14-C25,0.000409529022215492,2,50230,45,2,0.05934277143286,0.220465501341997,0.219217832850036,0.755619239235822,0.394860222432203,0,0.258066250035766,149.995895522388,154,59.3125604753032,803978,762.693929472963,284.058841480926,0.129747229230787,0.150705465527996,0.125227683056319,50,1.73030765718762,2,-2749.44182076482,2.03707908323576,0.0313795071547216,i7-25,89576,151292,0.0334420754136322,0.033227,5-1_LX_773,FALSE,315,1132982,48070,48,567643,228,14,C1,128701A,1142672,0.0333483435302727,164.930482,GATCTG,179467,1142602,5-1_LX_773,1119832,0.0319665021533797,AAGCTA-GATCTG,1694764,i5-14,139536,48472,AAGCTA,139599,FALSE,9156,1148548,128701A,5946,0.168438880188629,0.0397125088021216,268.914293,25,0.0507858363936815,0.0516489090965954,1334,0.258876880649623,FALSE,4657,1,/data1/shahs3/isabl_data_lake/analyses/60/71/36071/results/SHAH_H002689_T03_01_DLP01_hmmcopy_metrics.csv.gz,0.226086956521739,0.552884615384615,0.0492610837438424,0.198067632850242,0.891566265060241,0,0.170940170940171,0.973913043478261,0.360655737704918,0,0.51063829787234,0.397790055248619,0.029126213592233,0,0.607843137254902,0.974025974025974,0.0141843971631206,0.014760147601476,0.030188679245283,0.439834024896266,0.9375,0.0824175824175824,1,1.7520055008022,0.354348911478217,0.415768966307587,0.584231033692413,C
128701A-R14-C27,0.000426409931511696,2,53467,39,2,0.0353563500132301,0.181031145617559,0.179192670703248,0.810652798852195,0.371331645104,0,0.238117222041847,163.099776202909,170,61.1140094010537,874541,532.332071429563,190.223213801306,0.0788179955890205,0.0846186685224202,0.102925761627946,45,1.73389513420931,2,-1452.84650885713,1.9841816889418,0.0332732179116062,i7-27,102651,168780,0.0355014735826025,0.035266,5-1_LX_773,FALSE,302,1243741,54890,46,623255,216,14,C1,128701A,1256598,0.035399170882497,154.981213,GTTTGT,205604,1254480,5-1_LX_773,1229304,0.0339179556009599,AAGCTA-GTTTGT,1766821,i5-14,154835,55361,AAGCTA,154895,FALSE,12237,1262939,128701A,8459,0.175192378424769,0.0424975912708475,254.978811,27,0.0553315525771398,0.0563910151405568,1421,0.262443495233189,FALSE,4533,0.998,/data1/shahs3/isabl_data_lake/analyses/60/71/36071/results/SHAH_H002689_T03_01_DLP01_hmmcopy_metrics.csv.gz,0.226086956521739,0.552884615384615,0.0394088669950739,0.21256038647343,0.885542168674699,0,0.162393162393162,0.973913043478261,0.418032786885246,0,0.51063829787234,0.397790055248619,0,0,0.627450980392157,0.977272727272727,0,0,0,0.439834024896266,0.933035714285714,0.0824175824175824,1,1.7531515012606,0.351477342241556,0.412330964932386,0.587669035067614,D
128701A-R14-C28,0.013411309671548,2,53571,39,2,0.05172586447621,0.15509400504165,0.153658823039562,0.840616158153069,0.359024740268743,0,0.204390709409258,166.35320500841,174,61.1508788919563,890156,617.302878758254,222.516234405287,0.0643713445808712,0.0533113334684843,0.0856533023981557,45,1.74081888611746,2,-682.627449695339,2.02808927139145,0.0321910711349906,i7-28,123868,182307,0.0343550577701274,0.03419,5-1_LX_773,FALSE,336,1311888,62068,45,657020,195,14,C1,128701A,1323962,0.0342397706937025,137.412427,CTATCT,248072,1322867,5-1_LX_773,1294248,0.0327539185997818,AAGCTA-CTATCT,1588435,i5-14,165581,62644,AAGCTA,165658,FALSE,11317,1330366,128701A,7499,0.199928076315135,0.0423252125929516,229.459337,28,0.0574050979938231,0.0584436707832368,1243,0.357596124227354,FALSE,4473,0.998,/data1/shahs3/isabl_data_lake/analyses/60/71/36071/results/SHAH_H002689_T03_01_DLP01_hmmcopy_metrics.csv.gz,0.226086956521739,0.552884615384615,0.0394088669950739,0.198067632850242,0.879518072289157,0,0.162393162393162,0.973913043478261,0.385245901639344,0,0.51063829787234,0.400552486187845,0,0,0.627450980392157,0.964285714285714,0,0,0,0.443983402489627,0.928571428571429,0.0824175824175824,1,1.75383910153564,0.34791911853491,0.408434563373825,0.591565436626175,0
128701A-R14-C29,0.0162249194946743,2,62474,37,2,0.04478125108064,0.195339184030715,0.192142169797536,0.786701740607928,0.373944193524197,0,0.235842611402791,186.870011189855,194,70.5957176020027,1001997,582.897665224318,225.998651534913,0.079777574530731,0.0781304078210987,0.104323195225691,43,1.7405051152386,2,-1928.56891365834,2.08889215497662,0.0382432212797002,i7-29,126644,196661,0.0407791500894989,0.040549,5-1_LX_773,FALSE,379,1438235,63075,44,720822,219,14,C1,128701A,1451038,0.0406610968815081,155.547116,GCTCAT,253667,1450694,5-1_LX_773,1422916,0.039056488459135,AAGCTA-GCTCAT,1890588,i5-14,181084,63698,AAGCTA,181162,FALSE,11999,1458452,128701A,7758,0.186212712760576,0.0494484823855961,257.5539,29,0.0641544303217985,0.0652649821746242,1410,0.262443495233189,FALSE,4366,0.998,/data1/shahs3/isabl_data_lake/analyses/60/71/36071/results/SHAH_H002689_T03_01_DLP01_hmmcopy_metrics.csv.gz,0.226086956521739,0.557692307692308,0.0394088669950739,0.251207729468599,0.885542168674699,0,0.162393162393162,0.973913043478261,0.385245901639344,0,0.5,0.403314917127072,0,0,0.627450980392157,0.967532467532468,0,0,0,0.435684647302905,0.9375,0.0714285714285714,1,1.75154710061884,0.349994740272999,0.411643364657346,0.588356635342654,F
128701A-R14-C42,0,2,72326,40,2,0.0348243342653375,0.141366644400013,0.140728760925667,0.858818087125509,0.358724007698951,0,0.196400013127112,218.073279880664,231,78.8319477071324,1169527,468.067479253371,178.044643271055,0.0601488389927354,0.0481856189195441,0.0791284518204118,46,1.73983919967387,2,-380.878430486578,2.02355114570896,0.0438166204632908,i7-42,157996,235790,0.0469789039805835,0.046419,5-1_LX_773,FALSE,382,1719051,79448,31,861386,208,14,C1,128701A,1732030,0.0468234183712103,145.692245,AAAATG,316374,1734120,5-1_LX_773,1698774,0.0442332521065227,AAGCTA-AAAATG,2152712,i5-14,215164,80059,AAGCTA,215245,FALSE,12183,1741829,128701A,7709,0.194752053341345,0.057561539498312,243.97469,42,0.0760378105154477,0.0773230851653554,1369,0.250611985700981,FALSE,4487,0.998,/data1/shahs3/isabl_data_lake/analyses/60/71/36071/results/SHAH_H002689_T03_01_DLP01_hmmcopy_metrics.csv.gz,0.226086956521739,0.548076923076923,0.0394088669950739,0.202898550724638,0.879518072289157,0,0.153846153846154,0.973913043478261,0.352459016393443,0,0.51063829787234,0.397790055248619,0,0,0.627450980392157,0.964285714285714,0,0,0,0.431535269709544,0.9375,0.0494505494505495,1,1.75681870272748,0.350065255294328,0.409122163648865,0.590877836351135,0
128701A-R14-C43,0.00122121167669063,2,48253,49,2,0.0695291833418948,0.219258175482455,0.211937204471154,0.781766668697709,0.389467747626476,0,0.26741922427884,144.680343155539,141,60.8992062340262,775776,942.329527112656,332.064769954784,0.097379320454654,0.105750043534183,0.128921532969891,56,1.81348712916621,2,-2766.99446521546,1.88592542229545,0.0283113330429404,i7-43,121768,174875,0.0303895728234619,0.030082,5-1_LX_773,FALSE,353,1180179,58485,30,591812,196,14,C1,128701A,1193150,0.0302849427686041,139.806827,ATTCCG,243889,1191666,5-1_LX_773,1166400,0.0287239187564044,AAGCTA-ATTCCG,1290744,i5-14,159046,59123,AAGCTA,159094,FALSE,12192,1199898,128701A,8232,0.218243370988325,0.0382776070676446,231.54556,43,0.0516174322602967,0.0526303106534779,1168,0.743122622637481,TRUE,4358,0.998,/data1/shahs3/isabl_data_lake/analyses/60/71/36071/results/SHAH_H002689_T03_01_DLP01_hmmcopy_metrics.csv.gz,0.226086956521739,0.548076923076923,0.0394088669950739,0.202898550724638,0.879518072289157,0,0.162393162393162,0.973913043478261,0.385245901639344,0,0.5,0.397790055248619,0,0,0.627450980392157,0.964285714285714,0,0,0,0.431535269709544,0.928571428571429,0.0494505494505495,1,1.7783635113454,0.398596404280377,0.415998166399267,0.584001833600734,A
128701A-R14-C44,0.0127261454194,2,72976,43,2,0.0406547962634449,0.183278933053432,0.181220585805623,0.819645423624559,0.372815074622227,0,0.246502046899365,209.715298507463,220,78.4009217054394,1124074,488.000666967702,188.504357274954,0.113305413315698,0.0944147290981349,0.104454522303542,48,1.73443569062512,2,-1602.57062473493,1.94740107112562,0.0447372386969584,i7-44,157468,215779,0.0478956338328039,0.047099,5-1_LX_773,FALSE,464,1664867,66174,29,834204,233,14,C1,128701A,1678628,0.0477629214170853,166.874892,TATATC,315400,1678715,5-1_LX_773,1644358,0.0448648935243408,AAGCTA-TATATC,2019467,i5-14,199682,66750,AAGCTA,199774,FALSE,12965,1686924,128701A,8209,0.200810772461037,0.0590203073385658,274.23287,44,0.0749017489975535,0.0761608701636586,1851,0.252281375155782,FALSE,4648,1,/data1/shahs3/isabl_data_lake/analyses/60/71/36071/results/SHAH_H002689_T03_01_DLP01_hmmcopy_metrics.csv.gz,0.226086956521739,0.552884615384615,0.0394088669950739,0.202898550724638,0.891566265060241,0,0.170940170940171,0.973913043478261,0.377049180327869,0,0.51063829787234,0.403314917127072,0,0,0.627450980392157,0.964285714285714,0,0,0,0.502074688796681,0.9375,0.104395604395604,1,1.75269310107724,0.356294327387057,0.417373366949347,0.582626633050653,C
128701A-R14-C45,0.00113752610715656,2,61592,39,2,0.0406375298246151,0.190104233623978,0.189826716596637,0.796283075726993,0.373164166743621,0,0.252455983395725,177.258768656716,186,66.2818233452147,950107,573.276730015541,213.49289467081,0.079857277054475,0.0760888620095232,0.113743258184438,44,1.73977603433036,2,-1845.69277294628,1.91148134626037,0.0378584672089509,i7-45,124236,182771,0.0404419557500714,0.039967,5-1_LX_773,FALSE,316,1382455,57394,28,692418,236,14,C1,128701A,1392792,0.0403243094019916,170.341173,CAGGCC,248788,1393744,5-1_LX_773,1365594,0.0383115247589365,AAGCTA-CAGGCC,1778616,i5-14,169326,57799,AAGCTA,169396,FALSE,9774,1400050,128701A,6306,0.190871357321857,0.0492555305235801,278.381122,45,0.0622708994449053,0.0633049242368831,1438,0.250611985700981,FALSE,4680,0.998,/data1/shahs3/isabl_data_lake/analyses/60/71/36071/results/SHAH_H002689_T03_01_DLP01_hmmcopy_metrics.csv.gz,0.226086956521739,0.552884615384615,0.0394088669950739,0.21256038647343,0.879518072289157,0,0.162393162393162,0.973913043478261,0.360655737704918,0,0.51063829787234,0.397790055248619,0,0,0.607843137254902,0.967532467532468,0,0,0,0.431535269709544,0.941964285714286,0.0769230769230769,1,1.75360990144396,0.349410968375116,0.410038964015586,0.589961035984414,D
128701A-R14-C46,0.0010280708027892,2,38466,35,2,0.06818201797593,0.22072742181101,0.211233049390116,0.793515195209316,0.391535952244595,0,0.264677492646214,124.438269302499,122,51.8935389957702,667238,1208.76729991917,501.637096458732,0.118713713726375,0.115718046316217,0.129514622210384,43,1.73833639411248,2,-2574.09867983721,1.93907836790503,0.0227819762835174,i7-46,84799,142283,0.0244504078694684,0.024274,5-1_LX_773,FALSE,216,972363,50884,27,487690,178,14,C1,128701A,984288,0.0243676405705562,120.842285,GGTAGA,169814,981811,5-1_LX_773,961046,0.0233365414144346,AAGCTA-GGTAGA,1294601,i5-14,127323,51533,AAGCTA,127379,FALSE,11127,989743,128701A,7932,0.184276246376366,0.0296342925279153,207.431252,46,0.0417372242592347,0.0426184438168788,850,0.735969500770708,TRUE,4632,1,/data1/shahs3/isabl_data_lake/analyses/60/71/36071/results/SHAH_H002689_T03_01_DLP01_hmmcopy_metrics.csv.gz,0.226086956521739,0.586538461538462,0.0394088669950739,0.183574879227053,0.885542168674699,0,0.162393162393162,0.973913043478261,0.360655737704918,0,0.521276595744681,0.397790055248619,0,0.0333333333333333,0.627450980392157,0.970779220779221,0,0,0,0.448132780082988,0.941964285714286,0.0769230769230769,1,1.74948429979372,0.352404021016629,0.410955764382306,0.589044235617694,D
128701A-R14-C47,0.0134929787422194,2,74289,39,2,0.03927718441685,0.171170593831011,0.167407377192842,0.844541116362006,0.386692300907859,0,0.256621520880126,219.346569724086,227,85.09475335009,1176575,556.930796998363,215.264028786348,0.10605248518008,0.201561342419601,0.0932193288554226,44,1.79947303879315,2,-1274.88570089025,2.05547102576684,0.0452982972246339,i7-47,159799,232425,0.0484029510666112,0.047954,5-1_LX_773,FALSE,473,1719635,76604,26,860274,222,14,C1,128701A,1733992,0.0482638046546617,159.634677,TTGACT,320071,1731266,5-1_LX_773,1697310,0.0458497160434424,AAGCTA-TTGACT,2118008,i5-14,213371,77170,AAGCTA,213471,FALSE,13556,1740021,128701A,8755,0.197170514034508,0.0594327133755791,261.776553,47,0.0767139088441504,0.0780025589483116,1885,0.250611985700981,FALSE,4244,1,/data1/shahs3/isabl_data_lake/analyses/60/71/36071/results/SHAH_H002689_T03_01_DLP01_hmmcopy_metrics.csv.gz,0.226086956521739,0.548076923076923,0.0394088669950739,0.202898550724638,0.885542168674699,0,0.162393162393162,0.973913043478261,0.385245901639344,0,0.51063829787234,0.397790055248619,0,0,0.627450980392157,0.964285714285714,0,0,0,0.431535269709544,0.941964285714286,0.0989010989010989,1,1.80815952326381,0.432468941075609,0.463671785468714,0.536328214531286,D
128701A-R14-C48,0.00279383274273881,2,61947,51,2,0.0425562258973899,0.173947331007004,0.172878407621772,0.812871569178436,0.37007934668707,0,0.2445272996719,185.143870125023,195,68.7448095378659,992186,665.70252514033,258.448290998996,0.0708443998940363,0.0642138625178337,0.10062380463959,57,1.73502505974328,2,-1442.97339709449,2.02636613373571,0.0383735202617472,i7-48,114028,188670,0.0409243036494051,0.040577,5-1_LX_773,FALSE,259,1404607,60445,25,703765,224,14,C1,128701A,1415814,0.0408063216902577,161.485312,CGAAAC,228315,1416236,5-1_LX_773,1389212,0.0390299234659239,AAGCTA-CGAAAC,2028935,i5-14,173854,60902,AAGCTA,173925,FALSE,10588,1423278,128701A,7042,0.171989783024145,0.0488509231721823,264.592712,48,0.062851642964106,0.0639075488884279,1106,0.253892754671639,FALSE,4414,1,/data1/shahs3/isabl_data_lake/analyses/60/71/36071/results/SHAH_H002689_T03_01_DLP01_hmmcopy_metrics.csv.gz,0.226086956521739,0.548076923076923,0.0738916256157636,0.236714975845411,0.879518072289157,0,0.162393162393162,0.973913043478261,0.5,0,0.51063829787234,0.497237569060774,0,0,0.627450980392157,0.967532467532468,0,0,0,0.431535269709544,0.941964285714286,0.0769230769230769,1,1.73917029566812,0.354694130323319,0.422644969057988,0.577355030942012,H
128701A-R14-C49,0.0184097756457133,2,49429,37,2,0.0402606145951701,0.192496781527332,0.187618582671849,0.788506888550067,0.369939277836734,0,0.257749500899629,151.18171641791,156,56.1045810714809,810334,647.373081815101,241.898356029254,0.0896985285587986,0.0771012721400664,0.116004371841316,43,1.73824546666902,2,-1819.27322041456,1.88163737514104,0.0310107353923931,i7-49,92461,153252,0.033041146243474,0.032832,5-1_LX_773,FALSE,252,1141925,48871,24,572250,220,14,C1,128701A,1152226,0.0329489541088743,157.077244,CGTGAT,185174,1151633,5-1_LX_773,1129900,0.0317040025446961,AAGCTA-CGTGAT,1657016,i5-14,140850,49255,AAGCTA,140910,FALSE,9771,1157960,128701A,6327,0.171728624259516,0.0394004266172474,259.49018,49,0.0509655453202272,0.0518537176043691,1203,0.255596111678965,FALSE,4412,1,/data1/shahs3/isabl_data_lake/analyses/60/71/36071/results/SHAH_H002689_T03_01_DLP01_hmmcopy_metrics.csv.gz,0.228985507246377,0.557692307692308,0.0394088669950739,0.241545893719807,0.891566265060241,0,0.162393162393162,1,0.377049180327869,0,0.51063829787234,0.408839779005525,0.0194174757281553,0,0.627450980392157,0.964285714285714,0,0,0,0.431535269709544,0.933035714285714,0.0989010989010989,1,1.748567499427,0.350109708131916,0.413247765299106,0.586752234700894,0
128701A-R14-C50,0.0139080759452103,2,52641,43,2,0.07114801708981,0.166181416925087,0.160083187458975,0.833535933047478,0.359020076295747,0,0.226462379060443,163.335820895522,172,59.2141254751918,875480,797.934346565222,303.920873213197,0.137675534208549,0.11551847578848,0.0949214941289702,49,1.75174748439582,2,-1072.86929197814,1.96629518042252,0.0324499197949029,i7-50,103426,171445,0.0346838192769941,0.034421,5-1_LX_773,FALSE,286,1248985,56774,23,625759,206,14,C1,128701A,1260516,0.034576987278244,149.087391,CTGATC,207138,1259704,5-1_LX_773,1233464,0.0330347522181421,AAGCTA-CTGATC,1768772,i5-14,156125,57322,AAGCTA,156180,FALSE,10851,1267332,128701A,7628,0.176041036382591,0.0415593184764942,243.660261,50,0.0550933496397627,0.0560842634008239,1224,0.262364878491521,FALSE,4381,1,/data1/shahs3/isabl_data_lake/analyses/60/71/36071/results/SHAH_H002689_T03_01_DLP01_hmmcopy_metrics.csv.gz,0.226086956521739,0.548076923076923,0.0394088669950739,0.236714975845411,0.879518072289157,0,0.170940170940171,0.973913043478261,0.434426229508197,0,0.51063829787234,0.411602209944751,0,0,0.607843137254902,0.964285714285714,0,0,0,0.431535269709544,0.9375,0.0714285714285714,1,1.75567270226908,0.346067652594874,0.405684162273665,0.594315837726335,0
128701A-R14-C51,0.000746887882537557,2,55403,40,2,0.0416085660451402,0.182686864274716,0.17857037727105,0.863534409077235,0.449287973727879,0,0.241475674622311,168.403731343284,171,75.9446134463026,902644,592.236147009338,223.673508552648,0.09939363710428,0.102168020561252,0.101818998916151,47,1.77337841705362,2,-1625.13686661432,2.00607992925327,0.03458933009258,i7-51,97579,171723,0.0368157790734486,0.036699,5-1_LX_773,FALSE,296,1267681,54851,22,634962,218,14,C1,128701A,1278442,0.0367156006205328,154.828994,GGGGTT,195454,1277718,5-1_LX_773,1254260,0.0354183267162154,AAGCTA-GGGGTT,1950576,i5-14,157487,55327,AAGCTA,157560,FALSE,10125,1284647,128701A,6929,0.163718467350616,0.0435053813359977,256.469307,51,0.0564817826206822,0.0574259326386308,1417,0.257265501133766,FALSE,4275,1,/data1/shahs3/isabl_data_lake/analyses/60/71/36071/results/SHAH_H002689_T03_01_DLP01_hmmcopy_metrics.csv.gz,0.226086956521739,0.552884615384615,0.0394088669950739,0.202898550724638,0.885542168674699,0,0.170940170940171,0.973913043478261,0.426229508196721,0,0.521276595744681,0.397790055248619,0,1,0.647058823529412,0.977272727272727,0,0,0,0.431535269709544,0.941964285714286,0.0494505494505495,1,1.81022232408893,0.662279707552873,0.426082970433188,0.573917029566812,0
128701A-R14-C52,0.0108069422867494,2,55501,36,2,0.0489441730457001,0.186776511652318,0.179553103588658,0.804176673606137,0.37618524676714,0,0.236250942321341,165.292910447761,174,62.4237487920117,885970,801.298473564027,302.553797742436,0.126233184107292,0.120888774035612,0.102028064416685,41,1.74295694098017,2,-1704.8055336484,2.0974269391926,0.0340162469524165,i7-52,104918,170385,0.0362566387838638,0.036013,5-1_LX_773,FALSE,306,1257742,54010,21,630036,221,14,C1,128701A,1268362,0.0361526460998807,158.734553,CTGGGT,210142,1267996,5-1_LX_773,1243692,0.0347075027481039,AAGCTA-CTGGGT,1766598,i5-14,156720,54481,AAGCTA,156790,FALSE,9995,1274715,128701A,6719,0.177477341066399,0.0435069881424924,261.106625,52,0.0561816621816696,0.0571369895634168,1351,0.254075639302623,FALSE,4740,1,/data1/shahs3/isabl_data_lake/analyses/60/71/36071/results/SHAH_H002689_T03_01_DLP01_hmmcopy_metrics.csv.gz,0.231884057971015,0.548076923076923,0.0394088669950739,0.251207729468599,0.885542168674699,0,0.162393162393162,0.973913043478261,0.442622950819672,0,0.5,0.403314917127072,0,0,0.627450980392157,0.964285714285714,0,0,0,0.439834024896266,0.9375,0.0934065934065934,1,1.75292230116892,0.348842329358115,0.409809763923906,0.590190236076094,J
128701A-R14-C53,0.00173971792922895,2,35441,41,2,0.0452014507709251,0.169753634199431,0.164551035226,0.820512699331221,0.360672635759616,0,0.220106729458641,114.949626865672,116,43.5355227684614,616130,716.510918549601,265.85627285067,0.0671554550624496,0.0839809066947767,0.0937836507125253,48,1.74812609276507,2,-1102.04737848328,2.01454592230654,0.0209112247410232,i7-53,91440,154631,0.0226227189989472,0.022263,5-1_LX_773,FALSE,218,947173,66397,20,466555,176,14,C1,128701A,956484,0.022530204793784,118.994231,AGCGCT,183098,940169,5-1_LX_773,917280,0.0213650679669119,AAGCTA-AGCGCT,1077393,i5-14,140124,66761,AAGCTA,140175,FALSE,8820,947625,128701A,7456,0.207768287772742,0.0281417282340414,204.805769,53,0.0398307470636693,0.0406411771879106,738,0.571775975124166,TRUE,4361,1,/data1/shahs3/isabl_data_lake/analyses/60/71/36071/results/SHAH_H002689_T03_01_DLP01_hmmcopy_metrics.csv.gz,0.223188405797101,0.552884615384615,0.0394088669950739,0.217391304347826,0.879518072289157,0,0.162393162393162,0.991304347826087,0.39344262295082,0,0.51063829787234,0.397790055248619,0,0,0.647058823529412,0.961038961038961,0,0.00738007380073801,0,0.431535269709544,0.933035714285714,0.0769230769230769,1,1.75498510199404,0.350086903721144,0.410038964015586,0.589961035984414,C
128701A-R14-C54,0.0012554295405848,2,36109,42,2,0.0351834272529201,0.200883502383829,0.198516131495812,0.763747978046235,0.371788838049682,0,0.242988932036385,113.346584546473,117,42.2918105058072,607311,517.668080500471,198.66319089798,0.0839766659467105,0.0820383551669892,0.114566275830082,47,1.73651739392191,2,-2180.26274481037,1.96563120111652,0.0233017533603039,i7-54,58181,111942,0.0247558348965434,0.024693,5-1_LX_773,FALSE,207,830560,35094,19,416183,222,14,C1,128701A,838194,0.0246875133812219,159.83373,CTTTTG,116569,837724,5-1_LX_773,821514,0.0239837103488159,AAGCTA-CTTTTG,1437134,i5-14,103187,35397,AAGCTA,103223,FALSE,7242,842512,128701A,4788,0.150570963654167,0.0287914841566692,262.310586,54,0.0371251492887734,0.0377851618209162,962,0.257265501133766,FALSE,4693,1,/data1/shahs3/isabl_data_lake/analyses/60/71/36071/results/SHAH_H002689_T03_01_DLP01_hmmcopy_metrics.csv.gz,0.226086956521739,0.548076923076923,0.0394088669950739,0.227053140096618,0.879518072289157,0,0.162393162393162,0.973913043478261,0.368852459016393,0,0.521276595744681,0.403314917127072,0,0,0.666666666666667,0.967532467532468,0,0,0.0188679245283019,0.431535269709544,0.941964285714286,0.0989010989010989,1,1.75636030254412,0.353051582211004,0.412330964932386,0.587669035067614,I
128701A-R14-C55,0.0169043288543548,2,57840,65,1,0.11539663626112,0.244745527393944,0.23320148976597,0.740558293495085,0.406947182081871,0,0.477631409767343,168.474519320515,169,68.8202703162495,902518,1707.96217369653,632.146609107316,0.228527932658375,0.149816600353207,0.259026414309403,75,1.65557592290676,2,-3368.88955703175,1.09690655305966,0.0356671674425473,i7-55,109166,172791,0.0380181004037082,0.037708,5-1_LX_773,FALSE,324,1289456,54787,18,646141,234,14,C1,128701A,1300644,0.0379126305151989,167.620786,TGTTGG,218656,1300495,5-1_LX_773,1275744,0.0362483669513119,AAGCTA-TGTTGG,1777433,i5-14,159428,55204,AAGCTA,159503,FALSE,10597,1307217,128701A,6722,0.179541997477183,0.0457461097456915,275.140278,55,0.0579359599076297,0.058946774341104,1510,0.258876880649623,FALSE,4330,0.912,/data1/shahs3/isabl_data_lake/analyses/60/71/36071/results/SHAH_H002689_T03_01_DLP01_hmmcopy_metrics.csv.gz,0.228985507246377,0.552884615384615,0.0935960591133005,0.260869565217391,0.879518072289157,0.0625,0.264957264957265,0.982608695652174,0.442622950819672,0.0894308943089431,0.51063829787234,0.430939226519337,0,0,0.627450980392157,0.964285714285714,0.00709219858156028,0,0.0452830188679245,0.443983402489627,0.946428571428571,0.0494505494505495,1,1.72771029108412,0.347666168227403,0.421728168691268,0.578271831308733,F
128701A-R14-C56,0.0162691868351538,2,65784,46,2,0.0321010854189,0.145341773090142,0.142952004960045,0.845515952164702,0.36661150075002,0,0.224149519457684,192.839768699869,201,72.5785978503074,1033814,410.74322136395,153.628473200103,0.0587047637032206,0.0528280142926411,0.0866972544308293,52,1.75641894569386,2,-706.848404505475,1.95393733153158,0.0396221459251565,i7-56,142944,210515,0.0423359611741182,0.041931,5-1_LX_773,FALSE,326,1516681,66044,17,760082,219,14,C1,128701A,1528948,0.0422104155538205,157.127996,AGCTAG,286214,1529493,5-1_LX_773,1499244,0.0401904834176115,AAGCTA-AGCTAG,1845156,i5-14,193729,66597,AAGCTA,193809,FALSE,11545,1536748,128701A,7255,0.199685967588543,0.0521141859664945,258.244275,56,0.0675349409864964,0.0686845894331454,1335,0.350585505902321,FALSE,4457,0.998,/data1/shahs3/isabl_data_lake/analyses/60/71/36071/results/SHAH_H002689_T03_01_DLP01_hmmcopy_metrics.csv.gz,0.226086956521739,0.548076923076923,0.0394088669950739,0.202898550724638,0.885542168674699,0,0.170940170940171,0.973913043478261,0.39344262295082,0,0.51063829787234,0.397790055248619,0,0,0.627450980392157,0.967532467532468,0,0,0,0.609958506224066,0.9375,0.054945054945055,1,1.74879669951868,0.357331770443025,0.420352968141187,0.579647031858813,0
128701A-R14-C57,0.0172920826543649,2,42044,65,1,0.091743955599665,0.241765271319725,0.222056363117817,0.752880709124694,0.411444199175073,0,0.526210830823971,118.888577827548,118,49.4972455379239,637005,1571.26541163723,586.21176708871,0.193945858178547,0.117071208933755,0.270618119622774,72,1.70774904939164,2,-3163.80454676649,1.01901388642431,0.0258299705305853,i7-57,81394,122673,0.0274116738977617,0.027249,5-1_LX_773,FALSE,197,914649,37899,16,458290,250,14,C1,128701A,921588,0.0273347657684393,176.721346,AGCATC,162985,922447,5-1_LX_773,904780,0.026265167243918,AAGCTA-AGCATC,1192704,i5-14,114107,38128,AAGCTA,114159,FALSE,6596,926349,128701A,3902,0.189182149489525,0.0333128574151681,291.50019,57,0.0413534273731728,0.0420386752139783,996,0.299396542019797,FALSE,4309,0.972,/data1/shahs3/isabl_data_lake/analyses/60/71/36071/results/SHAH_H002689_T03_01_DLP01_hmmcopy_metrics.csv.gz,0.226086956521739,0.548076923076923,0.0689655172413793,0.304347826086957,0.909638554216867,0,0.17948717948718,0.973913043478261,0.483606557377049,0,0.648936170212766,0.397790055248619,0,0,0.627450980392157,0.964285714285714,0.163120567375887,0.0811808118081181,0.0264150943396226,0.448132780082988,0.982142857142857,0.0714285714285714,1,1.72771029108412,0.375176484596041,0.441668576667431,0.558331423332569,B
128701A-R14-C58,0.01235570968541,2,63204,41,2,0.0418011841402535,0.135357597475211,0.131599119985966,0.873015414520371,0.356205392657606,0,0.190647525289703,207.464079119239,217,76.19536004233,1111800,579.352973441719,213.738863345581,0.0560079958743981,0.0382667369518435,0.0772447299459586,48,1.73310193320979,2,49.2744820447356,1.96176813519949,0.0388293929291079,i7-58,126299,224237,0.0416594621109707,0.041295,5-1_LX_773,FALSE,334,1583364,76792,15,793415,185,14,C1,128701A,1594728,0.0415209817628691,130.481845,CGATTA,252932,1597431,5-1_LX_773,1562676,0.0393977405684209,AAGCTA-CGATTA,2335064,i5-14,201878,77324,AAGCTA,201960,FALSE,10647,1603870,128701A,6439,0.169076057150377,0.0495830756418223,218.393356,58,0.0685828886406895,0.0697146452454369,1331,0.374009679151522,FALSE,4364,0.998,/data1/shahs3/isabl_data_lake/analyses/60/71/36071/results/SHAH_H002689_T03_01_DLP01_hmmcopy_metrics.csv.gz,0.223188405797101,0.548076923076923,0.0394088669950739,0.207729468599034,0.879518072289157,0,0.170940170940171,0.973913043478261,0.385245901639344,0,0.51063829787234,0.400552486187845,0,0,0.627450980392157,0.964285714285714,0,0,0,0.435684647302905,0.9375,0.0714285714285714,1,1.7531515012606,0.349184815877503,0.410038964015586,0.589961035984414,C
128701A-R14-C59,0.0133273446651334,2,68528,37,2,0.0507292834903,0.214717042676986,0.212369004573405,0.75862449402907,0.390447915209818,0,0.238503064232045,198.808462834675,205,78.1869590952466,1061836,690.38576647836,260.027134999839,0.0782618436426821,0.0884887357392861,0.116199006411796,40,1.75012901703774,2,-2671.33877021134,2.04517856253516,0.0412230348971686,i7-59,139745,203276,0.0436403559830914,0.043669,5-1_LX_773,FALSE,363,1529318,61907,14,766204,225,14,C1,128701A,1541440,0.0435233708629652,159.539516,CATTCA,279853,1541328,5-1_LX_773,1514190,0.0418657486212536,AAGCTA-CATTCA,1930382,i5-14,188058,62463,AAGCTA,188122,FALSE,11384,1548783,128701A,7455,0.19397234303194,0.0533363628341532,264.963302,59,0.0685045693973968,0.0695947021699356,1455,0.257563637144521,FALSE,4232,0.998,/data1/shahs3/isabl_data_lake/analyses/60/71/36071/results/SHAH_H002689_T03_01_DLP01_hmmcopy_metrics.csv.gz,0.226086956521739,0.403846153846154,0.0394088669950739,0.159420289855072,0.879518072289157,0,0.162393162393162,0.626086956521739,0.385245901639344,0,0.531914893617021,0.397790055248619,0,0,0.627450980392157,0.980519480519481,0,0,0,0.435684647302905,0.946428571428571,0.0604395604395604,1,1.7691955076782,0.347221429672616,0.394224157689663,0.605775842310337,D
128701A-R14-C61,0.000165549209502524,2,56937,42,2,0.049727874879926,0.143237612356992,0.13901126802721,0.876980325194573,0.367801907704728,0,0.216386100393746,179.751726712712,188,67.4754952290774,962930,768.936152071158,284.170179472263,0.0632230226999893,0.0463639208478187,0.0845728610728327,48,1.74976321952989,2,-284.146110911013,1.92713921215645,0.032875424657735,i7-61,148110,209857,0.0353237389905219,0.035004,5-1_LX_773,FALSE,317,1447773,75917,12,726404,179,14,C1,128701A,1465566,0.0351757544980654,123.571798,ACATCG,296537,1463991,5-1_LX_773,1429290,0.0335046984427984,AAGCTA-ACATCG,1597254,i5-14,187822,76714,AAGCTA,187897,FALSE,16822,1475548,128701A,11557,0.215562144788419,0.0444044079461959,209.712655,61,0.0621821623956194,0.0635467486143395,1079,0.332343300692274,FALSE,4314,0.998,/data1/shahs3/isabl_data_lake/analyses/60/71/36071/results/SHAH_H002689_T03_01_DLP01_hmmcopy_metrics.csv.gz,0.226086956521739,0.552884615384615,0.0394088669950739,0.202898550724638,0.879518072289157,0,0.170940170940171,0.973913043478261,0.39344262295082,0,0.531914893617021,0.397790055248619,0,0,0.627450980392157,0.964285714285714,0,0,0,0.435684647302905,0.9375,0.0989010989010989,1,1.76667430666972,0.371039533285139,0.425395370158148,0.574604629841852,B
128701A-R15-C12,0,2,58816,40,2,0.065803484522245,0.204833987499705,0.201240736555217,0.786586295299608,0.373109655546598,0,0.248887276677155,172.428438141444,179,64.4845822553162,924044,923.09876773883,351.614095418756,0.0865410247976462,0.0854741432605781,0.113090228445904,46,1.74302776461429,2,-2140.77226773907,1.98537958027266,0.0362527117152618,i7-12,108789,175094,0.0386299832137821,0.038339,5-1_LX_773,FALSE,400,1312185,55874,61,657526,231,15,C1,128701A,1323704,0.0385245458869614,166.894704,GCGGAC,217978,1323411,5-1_LX_773,1298578,0.0368486444123214,CAAGTT-GCGGAC,1856573,i5-15,161309,56338,CAAGTT,161387,FALSE,10876,1330308,128701A,6897,0.176277185160994,0.0462998818701592,272.74551,12,0.0588706525282022,0.0598828580872833,1613,0.250611985700981,FALSE,4712,1,/data1/shahs3/isabl_data_lake/analyses/60/71/36071/results/SHAH_H002689_T03_01_DLP01_hmmcopy_metrics.csv.gz,0.226086956521739,0.552884615384615,0.0394088669950739,0.241545893719807,0.885542168674699,0.0138888888888889,0.162393162393162,0.973913043478261,0.377049180327869,0,0.521276595744681,0.406077348066298,0,0,0.627450980392157,0.967532467532468,0,0,0,0.439834024896266,0.941964285714286,0.0989010989010989,1,1.75063030025212,0.353664779155045,0.415768966307587,0.584231033692413,G
128701A-R15-C13,0.014014108819387,2,78617,37,2,0.05953398663222,0.193110874013884,0.190255838051063,0.80781841525276,0.372951903184069,0,0.229504204887645,222.616044776119,230,83.2356056156252,1193222,728.552031490045,271.414024040658,0.0733566167736135,0.0914473650791522,0.106290345033807,43,1.7264918660247,2,-1686.754081262,2.0728856153527,0.046555717123108,i7-13,174617,236028,0.0495701673502408,0.049229,5-1_LX_773,FALSE,638,1755211,75798,60,879415,231,15,C1,128701A,1772598,0.0494286210451237,169.174486,ATTGGC,349872,1770287,5-1_LX_773,1736794,0.047265579252815,CAAGTT-ATTGGC,2005968,i5-15,217649,76497,CAAGTT,217753,FALSE,16442,1781246,128701A,10959,0.211251604610377,0.0618372947814366,273.432668,13,0.0787261318965958,0.0801575924086561,2501,0.250611985700981,FALSE,4406,1,/data1/shahs3/isabl_data_lake/analyses/60/71/36071/results/SHAH_H002689_T03_01_DLP01_hmmcopy_metrics.csv.gz,0.226086956521739,0.548076923076923,0.0394088669950739,0.231884057971015,0.885542168674699,0,0.170940170940171,0.973913043478261,0.385245901639344,0,0.521276595744681,0.403314917127072,0,0,0.607843137254902,0.967532467532468,0.0106382978723404,0,0,0.435684647302905,0.933035714285714,0.0714285714285714,1,1.7508595003438,0.350340274386454,0.412330964932386,0.587669035067614,0
128701A-R15-C14,0.0110501435272891,2,80936,43,2,0.02626318021637,0.128943583174519,0.125813318984187,0.87190737264715,0.352280351676712,0,0.175284207228227,245.759328358209,262,87.2465877328012,1317270,370.923059720234,138.317934544234,0.109254301372343,0.106340379109141,0.0707905945503225,49,1.74282769873773,2,185.522507210837,2.03156794704461,0.0494883691645555,i7-14,174836,265970,0.0529154456230908,0.052425,5-1_LX_773,FALSE,577,1914277,90060,59,958951,213,15,C1,128701A,1931882,0.0527471574670258,159.209527,TGCTTT,350249,1931276,5-1_LX_773,1889642,0.0500739314934675,CAAGTT-TGCTTT,2408112,i5-15,242293,90841,CAAGTT,242419,FALSE,16535,1942365,128701A,11089,0.193086953102909,0.0647145668056186,253.762671,14,0.0846206847580678,0.0861660695915262,2409,0.255781270529621,FALSE,4534,0.998,/data1/shahs3/isabl_data_lake/analyses/60/71/36071/results/SHAH_H002689_T03_01_DLP01_hmmcopy_metrics.csv.gz,0.228985507246377,0.548076923076923,0.0394088669950739,0.21256038647343,0.879518072289157,0,0.162393162393162,0.973913043478261,0.39344262295082,0,0.51063829787234,0.397790055248619,0,0,0.627450980392157,0.964285714285714,0,0,0,0.431535269709544,0.946428571428571,0.0714285714285714,1,1.75521430208572,0.350886949708288,0.410726564290626,0.589273435709374,E
128701A-R15-C17,0.0133422497384401,2,58246,40,2,0.03546597237563,0.172542829635499,0.170520164305637,0.813185104585314,0.366106834369514,0,0.23570823205363,173.728035814214,182,64.1298290727972,931356,445.319581033581,176.891152259443,0.0737519831094651,0.0843950266278954,0.0974180514200524,46,1.74167846466382,2,-1318.9505584116,1.95785749333894,0.0354128803205752,i7-17,124053,184866,0.0378776118698811,0.037515,5-1_LX_773,FALSE,417,1360776,61147,56,682002,214,15,C1,128701A,1374424,0.0377608930463369,155.944377,ATAGAT,248523,1373248,5-1_LX_773,1343812,0.0359668149544905,CAAGTT-ATAGAT,1728749,i5-15,169380,61717,CAAGTT,169452,FALSE,12903,1381767,128701A,8519,0.194117237869641,0.0463146793844652,253.850629,17,0.060438390477293,0.0615793778371682,1681,0.259084109520862,FALSE,4426,1,/data1/shahs3/isabl_data_lake/analyses/60/71/36071/results/SHAH_H002689_T03_01_DLP01_hmmcopy_metrics.csv.gz,0.226086956521739,0.548076923076923,0.0394088669950739,0.241545893719807,0.879518072289157,0,0.162393162393162,0.973913043478261,0.368852459016393,0.016260162601626,0.51063829787234,0.403314917127072,0,0,0.627450980392157,0.964285714285714,0,0,0,0.431535269709544,0.933035714285714,0.0989010989010989,1,1.75131790052716,0.353778065582753,0.415539766215907,0.584460233784094,J
128701A-R15-C18,0,2,25023,36,2,0.0585700787326799,0.227336346913878,0.228349231265074,0.728966153992395,0.392995595037804,0,0.271629247887309,80.244776119403,82,31.8612898390703,430112,715.77464308399,260.46528890604,0.0920512410753281,0.0994755702172995,0.135569377611062,41,1.75060271167097,2,-2817.24261099951,1.90056661163319,0.0163277518288684,i7-18,35397,79394,0.0174392524841648,0.01728,5-1_LX_773,FALSE,126,582984,25956,55,292137,214,15,C1,128701A,588844,0.0173898515666688,154.695058,CGCCTG,70920,588208,5-1_LX_773,576120,0.0167665256768186,CAAGTT-CGCCTG,1181053,i5-15,72862,26213,CAAGTT,72894,FALSE,5524,591937,128701A,3729,0.130279083998694,0.0198730910508161,253.522642,18,0.0259144191087651,0.0264044992807653,747,0.260923022856847,FALSE,4676,1,/data1/shahs3/isabl_data_lake/analyses/60/71/36071/results/SHAH_H002689_T03_01_DLP01_hmmcopy_metrics.csv.gz,0.226086956521739,0.552884615384615,0.0344827586206897,0.202898550724638,0.885542168674699,0,0.162393162393162,1,0.409836065573771,0,0.51063829787234,0.400552486187845,0,0,0.627450980392157,0.964285714285714,0,0,0,0.439834024896266,0.941964285714286,0.0714285714285714,1,1.7520055008022,0.348388342931678,0.409809763923906,0.590190236076094,0
128701A-R15-C19,0,2,18650,39,2,0.0562203106573651,0.20769109778199,0.204313673194111,0.749067384333782,0.382950960968223,0,0.237833050193378,67.183513614323,66,27.4507288599392,360238,713.257909882927,262.845192524994,0.0807750510615456,0.132247431019302,0.109552463943288,44,1.74857618165349,2,-2271.20087666923,2.10159778880812,0.0117586798876832,i7-19,34875,76985,0.0127003719817322,0.012532,5-1_LX_773,FALSE,121,506892,29489,54,254198,166,15,C1,128701A,512964,0.0126472516166982,111.227189,CTAAGG,69871,512552,5-1_LX_773,499534,0.012102416516828,CAAGTT-CTAAGG,891160,i5-15,68057,29791,CAAGTT,68080,FALSE,5702,516493,128701A,3941,0.146869443052649,0.0147699700190573,193.026184,19,0.0213692990298832,0.0218523326590352,539,0.731786225223416,TRUE,4733,1,/data1/shahs3/isabl_data_lake/analyses/60/71/36071/results/SHAH_H002689_T03_01_DLP01_hmmcopy_metrics.csv.gz,0.223188405797101,0.552884615384615,0.0394088669950739,0.251207729468599,0.903614457831325,0,0.17948717948718,0.973913043478261,0.39344262295082,0,0.5,0.408839779005525,0,0,0.627450980392157,0.967532467532468,0,0,0,0.443983402489627,0.9375,0.0769230769230769,1,1.75177630071052,0.353088888965954,0.414622965849186,0.585377034150814,I
128701A-R15-C22,0.0118458157087169,2,55135,39,2,0.048233865914955,0.179727938563484,0.178131137396852,0.803995170167761,0.371988300192971,0,0.236268014628554,165.852627641668,172,61.9847196914722,886814,536.959129018451,196.102183747276,0.0723150154158097,0.0690806896344986,0.103772957484513,44,1.7459827843626,2,-1537.26397095144,2.00251670210311,0.0339892468647105,i7-22,107276,169264,0.0360803633423038,0.035883,5-1_LX_773,FALSE,323,1258896,54622,51,630986,221,15,C1,128701A,1270812,0.0359752796805563,158.716648,CTTCGA,214875,1270047,5-1_LX_773,1245460,0.0345460676093413,CAAGTT-CTTCGA,1722839,i5-15,155647,55049,CAAGTT,155704,FALSE,11324,1277342,128701A,7295,0.180634125838922,0.0434521110582389,260.681703,22,0.0561367825029943,0.0571631356321813,1405,0.255596111678965,FALSE,4644,1,/data1/shahs3/isabl_data_lake/analyses/60/71/36071/results/SHAH_H002689_T03_01_DLP01_hmmcopy_metrics.csv.gz,0.228985507246377,0.557692307692308,0.0394088669950739,0.207729468599034,0.885542168674699,0,0.162393162393162,0.973913043478261,0.442622950819672,0,0.51063829787234,0.397790055248619,0,0,0.627450980392157,0.964285714285714,0,0,0,0.431535269709544,0.941964285714286,0.0714285714285714,1,1.75406830162732,0.351929226878981,0.412330964932386,0.587669035067614,C
128701A-R15-C25,0.00167073316815141,2,83972,73,2,0.107764563227815,0.262142415905681,0.251183458333381,0.771245457607835,0.401750473212709,0,0.285375893824553,256.56508765386,253,107.851187817979,1375702,1739.71778144271,590.845117701209,0.111401297253237,0.135476382367924,0.147314749540239,78,1.83930228848192,2,-3670.6060472779,1.91822100416319,0.0528972539557397,i7-25,146071,264889,0.0561805238121405,0.056041,5-1_LX_773,FALSE,551,1915106,83753,48,959088,222,15,C1,128701A,1928584,0.0560329490811317,163.982319,GATCTG,292693,1930181,5-1_LX_773,1893462,0.0532962149393214,CAAGTT-GATCTG,2992209,i5-15,243279,84332,CAAGTT,243377,FALSE,12651,1937863,128701A,7682,0.163201118749466,0.0662645850706465,264.272075,25,0.0854045477683435,0.0867448187878985,2540,0.424052629512672,FALSE,4559,0.972,/data1/shahs3/isabl_data_lake/analyses/60/71/36071/results/SHAH_H002689_T03_01_DLP01_hmmcopy_metrics.csv.gz,0.226086956521739,0.548076923076923,0.0394088669950739,0.198067632850242,0.873493975903615,0,0.162393162393162,0.973913043478261,0.385245901639344,0,0.5,0.397790055248619,0,0,0.627450980392157,0.964285714285714,0,0,0,0.443983402489627,0.933035714285714,0.0769230769230769,1,1.78546871418749,0.389545785529456,0.43548017419207,0.56451982580793,A
128701A-R15-C26,0.0151163194806459,2,62749,41,2,0.032128552205245,0.141449738939863,0.139070890875234,0.867808727244501,0.383081609843275,0,0.213023230782839,193.13584623997,201,74.3931967572696,1035015,397.827608533364,149.469195541611,0.0670913270262826,0.0557013341905293,0.0832349719375601,46,1.74247817299065,2,-283.105776230142,1.96384632708151,0.0387392002756237,i7-26,123009,202417,0.0413091879669089,0.041105,5-1_LX_773,FALSE,408,1477364,68115,47,740188,209,15,C1,128701A,1490372,0.0411901985297727,154.790823,GCATTT,246426,1489827,5-1_LX_773,1459462,0.0394332454988371,CAAGTT-GCATTT,2071495,i5-15,184113,68685,CAAGTT,184193,FALSE,12258,1497970,128701A,8143,0.176299242191659,0.0495533548799571,248.907628,26,0.0652219172459005,0.0663649379381517,1661,0.262443495233189,FALSE,4260,1,/data1/shahs3/isabl_data_lake/analyses/60/71/36071/results/SHAH_H002689_T03_01_DLP01_hmmcopy_metrics.csv.gz,0.226086956521739,0.543269230769231,0.0394088669950739,0.251207729468599,0.879518072289157,0,0.170940170940171,0.973913043478261,0.377049180327869,0,0.51063829787234,0.408839779005525,0,0,0.627450980392157,0.964285714285714,0,0,0.0226415094339623,0.431535269709544,0.950892857142857,0.0989010989010989,1,1.777217510887,0.449210321087155,0.414164565665826,0.585835434334174,0
128701A-R15-C27,0.012681136796007,2,52026,41,2,0.0320944219838499,0.13812359945889,0.136405738985245,0.869878327759793,0.365172389497714,0,0.198756163258466,170.058306858531,176,64.1441656181789,909982,449.598819561836,158.951978169285,0.0556882991102661,0.045914532156709,0.0774074879532669,47,1.76018919439459,2,-166.568541924105,2.02338932636439,0.0319078402181782,i7-27,112241,189402,0.0341751657243825,0.033891,5-1_LX_773,FALSE,406,1315233,67609,46,658750,185,15,C1,128701A,1328560,0.0340508622841458,132.774504,GTTTGT,224888,1327587,5-1_LX_773,1294594,0.0324037307420864,CAAGTT-GTTTGT,1788316,i5-15,170387,68124,CAAGTT,170473,FALSE,12620,1336609,128701A,9022,0.180374292232943,0.0412247935507458,219.237147,27,0.0568151143700989,0.0579642350594783,1790,0.372861249727611,FALSE,4312,0.998,/data1/shahs3/isabl_data_lake/analyses/60/71/36071/results/SHAH_H002689_T03_01_DLP01_hmmcopy_metrics.csv.gz,0.226086956521739,0.548076923076923,0.0394088669950739,0.21256038647343,0.885542168674699,0,0.170940170940171,0.973913043478261,0.352459016393443,0,0.5,0.408839779005525,0,0,0.627450980392157,0.964285714285714,0,0.00738007380073801,0,0.431535269709544,0.933035714285714,0.0714285714285714,1,1.76667430666972,0.369205512193897,0.423561769424708,0.576438230575292,B
128701A-R15-C28,0.0128175200803213,2,45118,41,1,0.0673240406396201,0.173581512346041,0.165293758975323,0.846636551045642,0.386365083115549,0,0.522268927820467,141.714472211861,142,56.1023591142342,759873,1276.38960560743,461.545617106248,0.142816537006308,0.0633282346786674,0.196667392589729,47,1.70180618318717,2,-1264.57083643297,1.01505472349285,0.027125819991856,i7-28,104241,162258,0.0291346266461423,0.028819,5-1_LX_773,FALSE,344,1125199,57579,45,563504,190,15,C1,128701A,1140014,0.0290363048542624,136.436146,CTATCT,208826,1134890,5-1_LX_773,1109058,0.0276296468456057,CAAGTT-CTATCT,1390849,i5-15,146517,58237,CAAGTT,146611,FALSE,13991,1144899,128701A,10009,0.195842310170361,0.0357675116054428,224.802185,28,0.0488418194398793,0.0499223423231735,1359,0.372861249727611,FALSE,4305,0.994,/data1/shahs3/isabl_data_lake/analyses/60/71/36071/results/SHAH_H002689_T03_01_DLP01_hmmcopy_metrics.csv.gz,0.649275362318841,0.697115384615385,0.0394088669950739,0.193236714975845,0.885542168674699,0,0.162393162393162,0.973913043478261,0.39344262295082,0,0.51063829787234,0.400552486187845,0,0,0.627450980392157,0.970779220779221,0.0106382978723404,0.745387453874539,0,0.431535269709544,0.933035714285714,0.0714285714285714,1,1.71647948659179,0.376039689342973,0.456337382534953,0.543662617465047,G
128701A-R15-C29,0.00848793496481481,2,60706,42,2,0.0710693225250599,0.137142826933586,0.127667047147533,0.876164184575335,0.358997258750126,0,0.188292116048024,197.025741466144,207,72.2826676233372,1056255,1013.46321246865,377.949978580106,0.0563013152030038,0.0435379462140975,0.0748775415727679,50,1.7399754984705,2,-69.5238452669251,2.03484112406048,0.0369426016922466,i7-29,133309,218762,0.0397526447908364,0.03925,5-1_LX_773,FALSE,396,1532060,78118,44,767745,186,15,C1,128701A,1545986,0.0396055107709989,135.280158,GCTCAT,267014,1546950,5-1_LX_773,1509256,0.0375776351873482,CAAGTT-GCTCAT,2033556,i5-15,195855,78777,CAAGTT,195926,FALSE,13099,1555632,128701A,8682,0.183240684353253,0.0481772759971271,221.016214,29,0.0661729187589586,0.0674206613880603,1494,0.360876893198013,FALSE,4424,0.998,/data1/shahs3/isabl_data_lake/analyses/60/71/36071/results/SHAH_H002689_T03_01_DLP01_hmmcopy_metrics.csv.gz,0.228985507246377,0.548076923076923,0.0394088669950739,0.241545893719807,0.885542168674699,0,0.162393162393162,0.973913043478261,0.434426229508197,0,0.51063829787234,0.403314917127072,0,0,0.627450980392157,0.967532467532468,0,0,0,0.448132780082988,0.941964285714286,0.0989010989010989,1,1.74948429979372,0.35332103156225,0.415998166399267,0.584001833600734,H
128701A-R15-C42,0.0114350601447376,2,79481,44,2,0.0312596566549401,0.162008443226515,0.161300164762712,0.821872622944574,0.349921910396748,0,0.207355247028861,232.231734732109,246,81.8206843363016,1239653,440.699080723247,165.193716509798,0.0931506695260032,0.0786621555730171,0.0921306906087751,47,1.75572840429821,2,-986.775240767321,1.96367501587263,0.0476482414065974,i7-42,172301,244269,0.0505900394138252,0.05048,5-1_LX_773,FALSE,465,1807939,77880,31,905855,222,15,C1,128701A,1822302,0.0504441717535205,158.686009,AAAATG,345067,1822740,5-1_LX_773,1789350,0.0482187644961892,CAAGTT-AAAATG,2171190,i5-15,224678,78495,CAAGTT,224770,FALSE,13525,1831415,128701A,8675,0.202111321941856,0.0624658659405059,261.260308,42,0.0806051647469612,0.0819357659121817,1751,0.252281375155782,FALSE,4229,1,/data1/shahs3/isabl_data_lake/analyses/60/71/36071/results/SHAH_H002689_T03_01_DLP01_hmmcopy_metrics.csv.gz,0.226086956521739,0.394230769230769,0.0394088669950739,0.173913043478261,0.879518072289157,0,0.162393162393162,0.617391304347826,0.401639344262295,0,0.521276595744681,0.397790055248619,0,0,0.627450980392157,0.964285714285714,0.148936170212766,0,0,0.435684647302905,0.9375,0.0769230769230769,1,1.77057070822828,0.340518404157843,0.393078157231263,0.606921842768737,F
128701A-R15-C44,0.0133856088790609,2,76117,44,2,0.03638451039419,0.159162470984942,0.156255534171683,0.835807227439999,0.361959107792897,0,0.215708299077512,222.308826273559,235,80.6966030837524,1191353,507.391821605072,180.507276364132,0.0647516682801736,0.0773479578934063,0.0878326481192127,50,1.73801026428398,2,-884.852072697172,2.02767371119359,0.0460760309000224,i7-44,159927,234508,0.0491026014903512,0.048752,5-1_LX_773,FALSE,520,1733252,75080,29,868406,224,15,C1,128701A,1747486,0.0489588729073123,164.513799,TATATC,320374,1748016,5-1_LX_773,1713156,0.0465840670806894,CAAGTT-TATATC,2161158,i5-15,215735,75647,CAAGTT,215838,FALSE,13431,1756441,128701A,8425,0.195652661489703,0.0602207516970332,265.575977,44,0.0774004852663293,0.0787255857629276,2045,0.253892754671639,FALSE,4497,1,/data1/shahs3/isabl_data_lake/analyses/60/71/36071/results/SHAH_H002689_T03_01_DLP01_hmmcopy_metrics.csv.gz,0.226086956521739,0.548076923076923,0.0394088669950739,0.202898550724638,0.885542168674699,0,0.162393162393162,0.973913043478261,0.360655737704918,0,0.51063829787234,0.397790055248619,0,0,0.627450980392157,0.967532467532468,0,0.014760147601476,0,0.431535269709544,0.941964285714286,0.0494505494505495,1,1.754297501719,0.349978661587063,0.410268164107266,0.589731835892734,0
128701A-R15-C45,0.0171917368168351,2,61371,37,2,0.05886996957436,0.17003804599802,0.157684123259282,0.828667725873258,0.356179339085214,0,0.225805556202017,183.029120776554,192,65.4292362948571,980487,1329.42269862722,492.043827492736,0.0605905096893094,0.0732632244780061,0.0972118005812638,43,1.74532112678494,2,-1159.60761100688,2.04716226404979,0.0376759260602831,i7-45,123493,190177,0.040180933194454,0.039868,5-1_LX_773,FALSE,400,1409172,61112,28,705917,221,15,C1,128701A,1420294,0.0400587685090902,160.234232,CAGGCC,247386,1421320,5-1_LX_773,1392656,0.0382628062725105,CAAGTT-CAGGCC,1864526,i5-15,174767,61524,CAAGTT,174839,FALSE,10560,1427852,128701A,6532,0.185820461558705,0.0487270710820846,261.542118,45,0.0629199583539613,0.0639833657175929,1724,0.250611985700981,FALSE,4413,1,/data1/shahs3/isabl_data_lake/analyses/60/71/36071/results/SHAH_H002689_T03_01_DLP01_hmmcopy_metrics.csv.gz,0.226086956521739,0.552884615384615,0.0394088669950739,0.246376811594203,0.879518072289157,0,0.162393162393162,0.973913043478261,0.360655737704918,0,0.5,0.406077348066298,0,0,0.627450980392157,0.964285714285714,0,0,0,0.431535269709544,0.9375,0.0989010989010989,1,1.74994269997708,0.348965494194176,0.411414164565666,0.588585835434334,H
128701A-R15-C46,0.013358881341701,2,61744,39,2,0.029089580039775,0.134859074707029,0.132735958159515,0.868492716172222,0.353959344572815,0,0.192083455133924,189.755551408845,202,68.2505891645176,1016900,399.615317586483,159.093945825228,0.0937589464803542,0.0785761919972919,0.0758135070623085,45,1.72943349810605,2,59.5320935459305,2.01143118822953,0.0377667080480916,i7-46,130246,204518,0.0404773609445439,0.040034,5-1_LX_773,FALSE,422,1476187,68315,27,739776,206,15,C1,128701A,1490026,0.0403496572257961,149.93685,GGTAGA,260914,1489433,5-1_LX_773,1457150,0.038311218976851,CAAGTT-GGTAGA,1935003,i5-15,186198,68927,CAAGTT,186292,FALSE,13035,1498092,128701A,8659,0.186532324325492,0.0491200078084605,244.018084,46,0.0650767240316606,0.0662696527655282,1639,0.281644327245749,FALSE,4400,1,/data1/shahs3/isabl_data_lake/analyses/60/71/36071/results/SHAH_H002689_T03_01_DLP01_hmmcopy_metrics.csv.gz,0.226086956521739,0.548076923076923,0.0394088669950739,0.241545893719807,0.879518072289157,0,0.162393162393162,0.973913043478261,0.385245901639344,0,0.51063829787234,0.403314917127072,0,0,0.627450980392157,0.964285714285714,0.00709219858156028,0,0,0.439834024896266,0.941964285714286,0.0989010989010989,1,1.74925509970204,0.349767326701979,0.412560165024066,0.587439834975934,J
128701A-R15-C47,0.00989066951000206,2,79831,45,2,0.0401528849686801,0.17413916017322,0.172440821019001,0.786487564216043,0.373476862791572,0,0.232902849300241,235.170708955224,245,88.9054220088334,1260515,514.246037610198,191.121061943191,0.121663287083653,0.109947100188324,0.101144395332321,51,1.74461828805756,2,-1727.95885408023,1.98978258491089,0.048207863996045,i7-47,173931,258454,0.0515857523164355,0.051037,5-1_LX_773,FALSE,638,1854786,86085,26,927823,218,15,C1,128701A,1872552,0.0514335322253178,161.236385,TTGACT,348500,1867856,5-1_LX_773,1830268,0.0487695750726092,CAAGTT-TTGACT,2256999,i5-15,236727,86778,CAAGTT,236845,FALSE,16799,1878770,128701A,10914,0.198694806998056,0.0634631092424802,259.418857,47,0.0823489102290652,0.0838531715841833,2470,0.260740138225863,FALSE,4511,1,/data1/shahs3/isabl_data_lake/analyses/60/71/36071/results/SHAH_H002689_T03_01_DLP01_hmmcopy_metrics.csv.gz,0.318840579710145,0.552884615384615,0.0394088669950739,0.202898550724638,0.885542168674699,0,0.162393162393162,0.973913043478261,0.39344262295082,0,0.521276595744681,0.397790055248619,0,0,0.627450980392157,0.964285714285714,0,0,0,0.439834024896266,0.955357142857143,0.10989010989011,1,1.74787989915196,0.339905522482154,0.403392161356865,0.596607838643136,D
128701A-R15-C48,0.0146474677259186,2,54262,40,2,0.035929730558255,0.139156649593519,0.135593409476186,0.871465911457295,0.359182688867631,0,0.203800647969998,173.709942174967,182,63.4574366107657,931259,552.391683619233,199.668532796641,0.0556308881215255,0.0383949653122761,0.0819409683674499,46,1.72568696153458,2,-123.179022704602,1.97632651065531,0.0334941934589648,i7-48,110841,188674,0.03602850579048,0.035507,5-1_LX_773,FALSE,295,1341243,64923,25,672222,194,15,C1,128701A,1352570,0.0359002069343346,139.883297,CGAAAC,221977,1353906,5-1_LX_773,1321522,0.0339483432193059,CAAGTT-CGAAAC,1892107,i5-15,170522,65449,CAAGTT,170585,FALSE,10654,1360817,128701A,6911,0.174285130339459,0.043186943496381,229.385154,48,0.058511114744931,0.0595643148251699,1081,0.315132552441709,FALSE,4390,0.998,/data1/shahs3/isabl_data_lake/analyses/60/71/36071/results/SHAH_H002689_T03_01_DLP01_hmmcopy_metrics.csv.gz,0.228985507246377,0.552884615384615,0.0394088669950739,0.236714975845411,0.885542168674699,0,0.162393162393162,0.973913043478261,0.385245901639344,0,0.51063829787234,0.406077348066298,0,0,0.607843137254902,0.964285714285714,0,0,0,0.439834024896266,0.9375,0.0714285714285714,1,1.74948429979372,0.347818968288523,0.410497364198946,0.589502635801054,0
128701A-R15-C49,0.0103338499341203,2,56258,38,2,0.0416488433849749,0.175090897395518,0.171125905934533,0.812533777954228,0.365791564993622,0,0.230806327431715,170.825032643164,180,62.7509646126419,915793,513.490984838622,190.347933969021,0.0733488101165415,0.0619340482711444,0.0998789229557823,44,1.75101826434102,2,-1357.86754945462,1.99859824868253,0.0350240724807919,i7-49,101977,174593,0.0373692307393176,0.037032,5-1_LX_773,FALSE,342,1289817,55705,24,646132,219,15,C1,128701A,1300982,0.0372613203361283,159.541654,CGTGAT,204296,1300733,5-1_LX_773,1274656,0.0356392385650056,CAAGTT-CGTGAT,1922246,i5-15,159904,56184,CAAGTT,159973,FALSE,10504,1307605,128701A,6872,0.167810225409108,0.044370788486309,259.801986,49,0.0574405870104643,0.0584476178402021,1650,0.255596111678965,FALSE,4489,1,/data1/shahs3/isabl_data_lake/analyses/60/71/36071/results/SHAH_H002689_T03_01_DLP01_hmmcopy_metrics.csv.gz,0.226086956521739,0.548076923076923,0.0394088669950739,0.193236714975845,0.879518072289157,0,0.162393162393162,0.973913043478261,0.385245901639344,0,0.521276595744681,0.397790055248619,0,0,0.647058823529412,0.967532467532468,0,0,0,0.431535269709544,0.941964285714286,0.0494505494505495,1,1.75498510199404,0.348711387902712,0.408663763465505,0.591336236534495,D
128701A-R15-C50,0.00430878438331853,2,57530,39,2,0.033827271077047,0.155676960540169,0.152714264709906,0.849661147304023,0.366735733577057,0,0.22324989850657,176.027047192688,186,64.7810794974134,943681,578.295224745049,211.128694583587,0.0666499043714471,0.0503234929331398,0.0862491096293262,46,1.74541174621226,2,-720.977590312077,1.98588853670282,0.0359079633864728,i7-50,110621,181616,0.038322316200446,0.038017,5-1_LX_773,FALSE,353,1341752,58933,23,672221,217,15,C1,128701A,1353140,0.0382125855666248,160.283172,CTGATC,221595,1353040,5-1_LX_773,1325446,0.0365012480378882,CAAGTT-CTGATC,1908573,i5-15,166571,59387,CAAGTT,166641,FALSE,10772,1360060,128701A,7020,0.175175155094914,0.0458944108280311,258.07836,50,0.0596469231843545,0.0606905027363813,1508,0.255596111678965,FALSE,4378,0.998,/data1/shahs3/isabl_data_lake/analyses/60/71/36071/results/SHAH_H002689_T03_01_DLP01_hmmcopy_metrics.csv.gz,0.226086956521739,0.557692307692308,0.0541871921182266,0.236714975845411,0.879518072289157,0,0.170940170940171,0.973913043478261,0.426229508196721,0,0.51063829787234,0.406077348066298,0,0.0166666666666667,0.627450980392157,0.967532467532468,0,0,0,0.431535269709544,0.933035714285714,0.0989010989010989,1,1.76209030483612,0.368420388908733,0.424936969974788,0.575063030025212,H
128701A-R15-C51,0.0117285415464289,2,63362,44,2,0.0447144342802901,0.171968361648959,0.167312716099127,0.815178397975005,0.365663543258967,0,0.243646599147647,190.81473880597,201,70.005348655564,1022767,632.980849977415,241.621923408537,0.0750538385809842,0.0613424842534238,0.100149780785586,47,1.71548083794593,2,-1189.54838080716,1.9371635212138,0.0392376691123496,i7-51,119788,193356,0.0417306219738804,0.041518,5-1_LX_773,FALSE,399,1449075,61274,22,725861,220,15,C1,128701A,1462480,0.0416156086090756,160.858276,GGGGTT,239975,1460960,5-1_LX_773,1431546,0.0398375529459368,CAAGTT-GGGGTT,2051304,i5-15,177421,61837,CAAGTT,177503,FALSE,12663,1469594,128701A,8634,0.175386564958599,0.0499821010815729,261.122513,51,0.0646021912599831,0.0657420067214617,1850,0.252281375155782,FALSE,4292,1,/data1/shahs3/isabl_data_lake/analyses/60/71/36071/results/SHAH_H002689_T03_01_DLP01_hmmcopy_metrics.csv.gz,0.226086956521739,0.552884615384615,0.0394088669950739,0.21256038647343,0.885542168674699,0,0.170940170940171,0.973913043478261,0.385245901639344,0,0.521276595744681,0.397790055248619,0,0.933333333333333,1,0.964285714285714,0,0,0,0.435684647302905,0.941964285714286,0.054945054945055,1,1.73046069218428,0.348239746448581,0.420811368324547,0.579188631675453,D
128701A-R15-C52,0.00238629560537161,2,50776,42,2,0.040474646076385,0.161547320015352,0.159594434907859,0.839679247245574,0.369144031733343,0,0.214127385184768,156.895198953858,163,58.5802507549699,839860,862.117138386732,301.660434006473,0.0632611164372964,0.0568504669364102,0.0915068517814125,47,1.71399871987222,2,-1000.75673273053,2.00782510170137,0.0311867016591078,i7-52,100498,162361,0.0330936917818668,0.033049,5-1_LX_773,FALSE,323,1191380,52848,21,596751,207,15,C1,128701A,1202358,0.0329950911200796,149.123623,CTGGGT,201319,1201328,5-1_LX_773,1176336,0.0317833973273046,CAAGTT-CTGGGT,1647994,i5-15,148568,53292,CAAGTT,148623,FALSE,10386,1208432,128701A,7104,0.179016085597942,0.039806263252988,244.840181,52,0.0526356133728248,0.053580550996766,1480,0.260753498975664,FALSE,4218,1,/data1/shahs3/isabl_data_lake/analyses/60/71/36071/results/SHAH_H002689_T03_01_DLP01_hmmcopy_metrics.csv.gz,0.226086956521739,0.394230769230769,0.0394088669950739,0.173913043478261,0.879518072289157,0,0.170940170940171,0.617391304347826,0.360655737704918,0,0.51063829787234,0.397790055248619,0,0.9,0.745098039215686,0.970779220779221,0,0,0,0.431535269709544,0.9375,0.0769230769230769,1,1.75475590190236,0.348828247371739,0.408892963557185,0.591107036442815,E
128701A-R15-C53,0.0106074474546403,2,56276,39,2,0.0280847039421601,0.198429886129294,0.197098996246434,0.772557898825865,0.363138810925363,0,0.224035031740145,162.836007462687,170,59.3059862866687,872801,412.563585359591,157.150022986109,0.0806323530302546,0.080705202455422,0.10992416206464,44,1.77680393083821,2,-2015.05614968352,1.99629192055639,0.0342758983707903,i7-53,117200,189777,0.0365682786456017,0.036232,5-1_LX_773,FALSE,388,1290430,73372,20,636727,231,15,C1,128701A,1300968,0.0364615507797765,167.14815,AGCGCT,234788,1281751,5-1_LX_773,1256216,0.0348360446705641,CAAGTT-AGCGCT,1592828,i5-15,176482,73812,CAAGTT,176549,FALSE,9930,1289841,128701A,8090,0.196578153137608,0.0447685075898002,272.48301,53,0.0570176006814076,0.0580048714020615,1530,0.255596111678965,FALSE,4593,1,/data1/shahs3/isabl_data_lake/analyses/60/71/36071/results/SHAH_H002689_T03_01_DLP01_hmmcopy_metrics.csv.gz,0.228985507246377,0.548076923076923,0.0394088669950739,0.207729468599034,0.879518072289157,0,0.162393162393162,0.973913043478261,0.434426229508197,0,0.5,0.408839779005525,0,0,0.627450980392157,0.970779220779221,0,0,0,0.435684647302905,0.941964285714286,0.0769230769230769,1,1.78776071510429,0.334128019758498,0.379096951638781,0.620903048361219,D
128701A-R15-C55,0.0000962596259625962,2,71603,45,2,0.0447259624242751,0.171059312190007,0.168676926646068,0.813350148287716,0.37113272308337,0,0.232294451950357,212.319716470808,223,79.145801132685,1138246,502.165694028571,189.441121832887,0.102994176464427,0.107781845254598,0.0973053862122328,50,1.73831983026577,2,-1450.83635504808,2.02474806178791,0.044009274756608,i7-55,142261,218938,0.0468911798899666,0.046533,5-1_LX_773,FALSE,487,1631465,69864,18,817224,225,15,C1,128701A,1645360,0.0467629252016562,165.801343,TGTTGG,285009,1644896,5-1_LX_773,1613458,0.0446211080585429,CAAGTT-TGTTGG,2171222,i5-15,201258,70408,CAAGTT,201363,FALSE,13109,1653376,128701A,8480,0.184929991910394,0.0567782745269704,267.233895,55,0.0728587258116249,0.0741218839823302,2220,0.253892754671639,FALSE,4520,1,/data1/shahs3/isabl_data_lake/analyses/60/71/36071/results/SHAH_H002689_T03_01_DLP01_hmmcopy_metrics.csv.gz,0.228985507246377,0.567307692307692,0.0394088669950739,0.222222222222222,0.885542168674699,0.0138888888888889,0.17948717948718,0.973913043478261,0.442622950819672,0,0.51063829787234,0.397790055248619,0,0,0.627450980392157,0.967532467532468,0.00709219858156028,0,0,0.431535269709544,0.946428571428571,0.0714285714285714,1,1.75590190236076,0.354203467678636,0.413706165482466,0.586293834517534,0
128701A-R15-C56,0.0107380288109637,2,74651,43,2,0.0317143312121909,0.131480185529968,0.129281335877818,0.879686227979379,0.35790602222275,0,0.184688503435896,230.150841121495,241.5,84.0232935939216,1231307,402.11636041779,146.871587059699,0.0508848325864992,0.0393241458280908,0.0737110160703507,49,1.7523207421722,2,186.125559126088,2.04734643921723,0.0448920256807951,i7-56,167468,245533,0.0477495140612073,0.047636,5-1_LX_773,FALSE,490,1788059,81353,17,895745,201,15,C1,128701A,1803092,0.0476044449682556,145.808357,AGCTAG,335426,1802904,5-1_LX_773,1766064,0.0455601931174859,CAAGTT-AGCTAG,2184838,i5-15,223106,81991,CAAGTT,223203,FALSE,14180,1812462,128701A,9558,0.198049902249761,0.0587512201231439,238.361636,56,0.0785093719595352,0.0798545575373176,1856,0.297712556529134,FALSE,4313,0.998,/data1/shahs3/isabl_data_lake/analyses/60/71/36071/results/SHAH_H002689_T03_01_DLP01_hmmcopy_metrics.csv.gz,0.226086956521739,0.543269230769231,0.0394088669950739,0.21256038647343,0.879518072289157,0.0138888888888889,0.170940170940171,0.973913043478261,0.385245901639344,0,0.51063829787234,0.397790055248619,0,0,0.627450980392157,0.967532467532468,0,0,0,0.439834024896266,0.9375,0.0714285714285714,1,1.76667430666972,0.367829996375465,0.422186568874628,0.577813431125373,B
128701A-R15-C57,0.0216349788621389,2,62123,40,2,0.0348562263401102,0.16734166748907,0.164576424024863,0.825997066442813,0.362914826024847,0,0.216377725843938,187.23516195469,196,68.7075420637292,1000023,488.920840008097,184.834156674721,0.0678939253245095,0.0598431441373858,0.0914023318032293,43,1.74094299245144,2,-1105.91784000926,2.03606470418129,0.0379051916201228,i7-57,120312,190633,0.0401428005555703,0.040155,5-1_LX_773,FALSE,407,1413006,60569,16,707979,217,15,C1,128701A,1425616,0.0400260362746192,157.765588,AGCATC,241031,1425251,5-1_LX_773,1396574,0.0385575882314581,CAAGTT-AGCATC,1939105,i5-15,175279,61107,CAAGTT,175375,FALSE,11866,1433073,128701A,7822,0.181095802672566,0.0484003732125318,257.030762,57,0.0628711761085487,0.0639690324491441,1706,0.259084109520862,FALSE,4219,1,/data1/shahs3/isabl_data_lake/analyses/60/71/36071/results/SHAH_H002689_T03_01_DLP01_hmmcopy_metrics.csv.gz,0.226086956521739,0.389423076923077,0.0394088669950739,0.159420289855072,0.879518072289157,0,0.162393162393162,0.626086956521739,0.360655737704918,0,0.51063829787234,0.397790055248619,0,0.916666666666667,0.745098039215686,0.970779220779221,0,0,0,0.431535269709544,0.941964285714286,0.0824175824175824,1,1.75567270226908,0.349277189504548,0.408892963557185,0.591107036442815,E
128701A-R15-C58,0.0166664365000218,2,70882,39,2,0.04131235677829,0.149146980329626,0.145499729665067,0.854144745316715,0.359400873804816,0,0.202412465199858,230.289925373134,243,83.5773868710176,1234354,632.699349171116,239.41332594608,0.0599831097983912,0.0493581717596804,0.0838303534106268,45,1.73425067982117,2,-581.857394311441,2.01377758418553,0.0441808597030452,i7-58,130516,238645,0.0471718065164771,0.046934,5-1_LX_773,FALSE,391,1722986,81089,15,863103,195,15,C1,128701A,1735196,0.0470287930010155,142.023554,CGATTA,261423,1737394,5-1_LX_773,1702676,0.0449546213677883,CAAGTT-CGATTA,2697373,i5-15,215412,81653,CAAGTT,215490,FALSE,11465,1744497,128701A,7103,0.160926385385071,0.0556308160956742,231.807126,58,0.0751825358533634,0.0763940544098833,1671,0.254099983542878,FALSE,4685,0.998,/data1/shahs3/isabl_data_lake/analyses/60/71/36071/results/SHAH_H002689_T03_01_DLP01_hmmcopy_metrics.csv.gz,0.226086956521739,0.548076923076923,0.0394088669950739,0.246376811594203,0.879518072289157,0,0.162393162393162,0.973913043478261,0.426229508196721,0,0.521276595744681,0.403314917127072,0,0,0.627450980392157,0.967532467532468,0,0,0,0.439834024896266,0.941964285714286,0.0989010989010989,1,1.75338070135228,0.347693176216198,0.408434563373825,0.591565436626175,H
128701A-R15-C61,0.0146262697434091,2,85448,40,2,0.03654076152713,0.169379742487072,0.1661750915324,0.822596100599864,0.359255538222516,0,0.225428615860262,247.103274087933,261,89.186571702179,1320767,462.195198174124,180.148933982897,0.069652715604982,0.0633628232230408,0.0950055103660664,45,1.75064701314484,2,-1251.54305533345,1.97405382236601,0.0505114990089645,i7-61,192415,260382,0.0536585262467741,0.053566,5-1_LX_773,FALSE,447,1941748,82872,12,972884,220,15,C1,128701A,1956696,0.05350232299068,153.055112,ACATCG,385277,1957335,5-1_LX_773,1923050,0.0512334993987086,CAAGTT-ACATCG,2223000,i5-15,239533,83650,CAAGTT,239624,FALSE,13959,1966506,128701A,9171,0.209687201036484,0.0668222865204668,257.275094,61,0.0865838441160496,0.0879578625854952,1585,0.250611985700981,FALSE,4645,0.996,/data1/shahs3/isabl_data_lake/analyses/60/71/36071/results/SHAH_H002689_T03_01_DLP01_hmmcopy_metrics.csv.gz,0.226086956521739,0.557692307692308,0.0394088669950739,0.198067632850242,0.885542168674699,0,0.170940170940171,0.973913043478261,0.377049180327869,0,0.51063829787234,0.397790055248619,0,0,0.607843137254902,0.964285714285714,0,0,0,0.439834024896266,0.9375,0.0934065934065934,1,1.75498510199404,0.351920924812386,0.411872564749026,0.588127435250974,C
128701A-R15-C62,0.0166539069501426,2,60213,40,2,0.033847236495263,0.1463163232077,0.141968288759374,0.853659895359006,0.360085762221562,0,0.204487925810749,175.4604303087,184,64.324870576939,937836,458.810199686479,171.995539420165,0.0581154811568392,0.0495291324356009,0.0810365738908626,48,1.75019860840507,2,-417.954428543592,2.02382211647546,0.0348804786580087,i7-62,150477,198984,0.0373460693845435,0.037,5-1_LX_773,FALSE,378,1423811,67075,11,713555,205,15,C1,128701A,1436988,0.0372032493048557,140.565144,AAGCTA,301332,1437695,5-1_LX_773,1406242,0.0353452873838703,CAAGTT-AAGCTA,1508453,i5-15,181467,67580,CAAGTT,181534,FALSE,12512,1446234,128701A,8539,0.22318672339782,0.0473080697682176,239.312521,62,0.0627449044593132,0.0639351379880653,1147,0.293850712647259,FALSE,4316,0.998,/data1/shahs3/isabl_data_lake/analyses/60/71/36071/results/SHAH_H002689_T03_01_DLP01_hmmcopy_metrics.csv.gz,0.226086956521739,0.548076923076923,0.0344827586206897,0.202898550724638,0.885542168674699,0,0.162393162393162,0.973913043478261,0.368852459016393,0,0.51063829787234,0.397790055248619,0,0,0.627450980392157,0.964285714285714,0,0,0,0.439834024896266,0.941964285714286,0.0879120879120879,1,1.76415310566124,0.365959088887074,0.421498968599587,0.578501031400413,B
128701A-R16-C12,0.01316823224344,2,50521,40,2,0.055924326849569,0.195941588125413,0.192015037516303,0.788455541732382,0.378894458292679,0,0.245502723463758,151.159209545116,157,57.3561192421161,810818,664.363671332556,259.238180463655,0.0798863156105792,0.0800222945510062,0.110752625451562,46,1.74085018602272,2,-2032.77824987158,1.99546658791287,0.0320115524202892,i7-12,86425,146502,0.0340152001424871,0.033783,5-1_LX_773,FALSE,348,1125525,44443,61,564003,236,16,C1,128701A,1136030,0.0339314466435212,167.025848,GCGGAC,173198,1134995,5-1_LX_773,1114618,0.0326232602882984,GCCGGT-GCGGAC,1740735,i5-16,135959,44804,GCCGGT,136036,FALSE,9990,1141274,128701A,6279,0.1635235826466,0.0402536550512375,276.981504,12,0.0508309394906756,0.0517134602262918,1617,0.255596111678965,FALSE,4447,0.998,/data1/shahs3/isabl_data_lake/analyses/60/71/36071/results/SHAH_H002689_T03_01_DLP01_hmmcopy_metrics.csv.gz,0.228985507246377,0.548076923076923,0.0394088669950739,0.251207729468599,0.885542168674699,0,0.170940170940171,0.973913043478261,0.39344262295082,0,0.478723404255319,0.406077348066298,0,0.0333333333333333,0.627450980392157,0.967532467532468,0,0,0,0.431535269709544,0.941964285714286,0.10989010989011,1,1.75040110016044,0.351028610287648,0.413247765299106,0.586752234700894,0
128701A-R16-C13,0.0111159941095847,2,51718,39,2,0.052890784253375,0.1594538681974,0.155758987718157,0.842681028961076,0.365187743634538,0,0.233776640029914,160.860126818351,167,59.8888529302414,862532,747.984133237197,279.551641282221,0.106145950908041,0.108556319554698,0.0956719925500624,46,1.72719469812386,2,-790.016035418608,1.92300665100172,0.0301303137573161,i7-13,124518,182109,0.0323880545209264,0.032,5-1_LX_773,FALSE,488,1281670,64802,60,642333,186,16,C1,128701A,1294616,0.0322681001616717,130.866915,ATTGGC,249524,1294543,5-1_LX_773,1264250,0.0306553490624452,GCCGGT-ATTGGC,1501138,i5-16,164029,65371,GCCGGT,164096,FALSE,12191,1302654,128701A,8111,0.205318292953126,0.0402965046214664,218.647749,13,0.055537237026576,0.0566372450177625,1649,0.309557181810677,FALSE,4369,1,/data1/shahs3/isabl_data_lake/analyses/60/71/36071/results/SHAH_H002689_T03_01_DLP01_hmmcopy_metrics.csv.gz,0.228985507246377,0.543269230769231,0.0394088669950739,0.241545893719807,0.879518072289157,0,0.170940170940171,0.973913043478261,0.434426229508197,0,0.51063829787234,0.419889502762431,0,0,0.627450980392157,0.970779220779221,0,0,0,0.431535269709544,0.941964285714286,0.0989010989010989,1,1.74902589961036,0.349881558934742,0.412789365115746,0.587210634884254,J
128701A-R16-C14,0.0123107274969174,2,70411,39,2,0.0530961821586849,0.185248128874714,0.181458222538424,0.806381426439698,0.366876187936086,0,0.242595001518202,205.120477433793,214,75.4984013903177,1099856,569.977313064943,223.090729942589,0.0782834285506247,0.069658310318929,0.105302835136278,42,1.73706988755485,2,-1649.94505985539,1.93517677281536,0.0430534721676431,i7-14,142420,213171,0.0459010630842936,0.045433,5-1_LX_773,FALSE,577,1582997,68245,59,793188,232,16,C1,128701A,1601906,0.0457660719951592,171.104257,TGCTTT,285417,1597748,5-1_LX_773,1564886,0.0436744793276253,GCCGGT-TGCTTT,2031069,i5-16,196770,68967,GCCGGT,196868,FALSE,17956,1610029,128701A,12281,0.190498872733748,0.0559851391728755,275.310584,14,0.0710774138126687,0.0725462196800132,2867,0.249091513324639,FALSE,4748,0.998,/data1/shahs3/isabl_data_lake/analyses/60/71/36071/results/SHAH_H002689_T03_01_DLP01_hmmcopy_metrics.csv.gz,0.226086956521739,0.548076923076923,0.0394088669950739,0.231884057971015,0.885542168674699,0.0138888888888889,0.170940170940171,0.973913043478261,0.39344262295082,0,0.51063829787234,0.403314917127072,0,0,0.627450980392157,0.964285714285714,0,0,0,0.439834024896266,0.9375,0.0824175824175824,1,1.75017190006876,0.349309346876421,0.411643364657346,0.588356635342654,H
128701A-R16-C16,0.02060697518444,2,42846,37,2,0.0762514119212199,0.220511879760072,0.210610665991671,0.768530117719492,0.377286231904806,0,0.248633059710873,136.487691160015,136,53.2826080024358,731847,1161.03835502108,453.138878608149,0.149628515229459,0.158936991273605,0.123032766113298,42,1.74192962130437,2,-2502.3027821816,2.00654947775819,0.0250148247645707,i7-16,105592,161116,0.0268113591917495,0.026606,5-1_LX_773,FALSE,376,1089131,59900,57,544270,179,16,C1,128701A,1102688,0.0267270705204761,123.613229,TCTTCT,211560,1095608,5-1_LX_773,1072552,0.0256071325735123,GCCGGT-TCTTCT,1264440,i5-16,144254,60547,GCCGGT,144299,FALSE,12730,1104729,128701A,9121,0.204243980720689,0.0333353201444057,210.21938,16,0.0467387354133512,0.047722464002593,1333,0.377151911317267,FALSE,4396,1,/data1/shahs3/isabl_data_lake/analyses/60/71/36071/results/SHAH_H002689_T03_01_DLP01_hmmcopy_metrics.csv.gz,0.226086956521739,0.552884615384615,0.0394088669950739,0.236714975845411,0.885542168674699,0,0.162393162393162,0.973913043478261,0.418032786885246,0,0.531914893617021,0.411602209944751,0,0,0.627450980392157,0.964285714285714,0,0,0,0.439834024896266,0.941964285714286,0.0989010989010989,1,1.74902589961036,0.350340064207553,0.413247765299106,0.586752234700894,J
128701A-R16-C17,0.0134379470284798,2,52611,38,1,0.0433170316356,0.163268859648367,0.159517768934156,0.821632520242113,0.357933584889388,0,0.460947341241239,159.490298507463,166,58.1992951653096,854868,590.786817877535,215.156776201063,0.133921317632768,0.0611204255639619,0.19822717452822,44,1.76512342797357,2,-1155.74518598311,0.929434450092733,0.0319394066797187,i7-17,110547,170255,0.0341290467671827,0.033833,5-1_LX_773,FALSE,409,1238907,55305,56,620793,208,16,C1,128701A,1250482,0.0340237490365121,149.819473,ATAGAT,221503,1250123,5-1_LX_773,1223400,0.0325463896041605,GCCGGT-ATAGAT,1611980,i5-16,155860,55770,GCCGGT,155928,FALSE,10949,1257196,128701A,7073,0.18991917289151,0.0415854861455868,246.097356,17,0.0548603120823331,0.0558743697889488,1685,0.320704008432797,FALSE,4536,0.998,/data1/shahs3/isabl_data_lake/analyses/60/71/36071/results/SHAH_H002689_T03_01_DLP01_hmmcopy_metrics.csv.gz,0.226086956521739,0.548076923076923,0.0394088669950739,0.202898550724638,0.873493975903615,0,0.162393162393162,0.973913043478261,0.39344262295082,0,0.51063829787234,0.397790055248619,0,0,0.627450980392157,0.964285714285714,0,0,0,0.439834024896266,0.950892857142857,0.0879120879120879,1,1.75636030254412,0.351217561119762,0.410497364198946,0.589502635801054,0
128701A-R16-C19,0.000773733729485001,2,23974,40,2,0.050256842143438,0.19091200362024,0.189681956912252,0.781584293794606,0.376250259052532,0,0.252282026428831,81.2887271369914,84,30.9796802713965,435545,758.376099685398,279.878146690793,0.152774013106363,0.150862751959314,0.112593817724221,45,1.74611467346533,2,-1841.9765325639,1.91428370792573,0.0153364302407173,i7-19,39744,84028,0.0164481749474817,0.016269,5-1_LX_773,FALSE,114,601686,29479,54,301699,187,16,C1,128701A,607890,0.0163909743771914,129.086615,CTAAGG,79602,607772,5-1_LX_773,593806,0.0157401925414776,GCCGGT-CTAAGG,1110669,i5-16,75589,29753,GCCGGT,75616,FALSE,5857,611616,128701A,3844,0.141513651340298,0.0189865755440771,218.870581,19,0.0261351251356122,0.0266503390624937,572,0.294431787558475,FALSE,4616,1,/data1/shahs3/isabl_data_lake/analyses/60/71/36071/results/SHAH_H002689_T03_01_DLP01_hmmcopy_metrics.csv.gz,0.226086956521739,0.552884615384615,0.0541871921182266,0.207729468599034,0.879518072289157,0,0.170940170940171,0.973913043478261,0.352459016393443,0,0.51063829787234,0.411602209944751,0,0,0.627450980392157,0.964285714285714,0,0,0,0.439834024896266,0.9375,0.0659340659340659,1,1.75475590190236,0.34974525791736,0.409809763923906,0.590190236076094,E
128701A-R16-C20,0.0168250275766412,2,42492,43,1,0.0456406964066201,0.187399743022069,0.183270487376209,0.802650937523474,0.387076009828284,0,0.538891582105149,129.814552238806,132,50.7153780780599,695806,660.685275397096,251.086138761783,0.149886203229664,0.0707674845604467,0.223115002880207,49,1.68729198328593,2,-1689.25282250394,0.981142979260257,0.0259643487507096,i7-20,86267,136517,0.0277182222075391,0.027504,5-1_LX_773,FALSE,344,998745,44637,53,500411,208,16,C1,128701A,1009516,0.0276337549305678,149.748253,TTATTC,172878,1007783,5-1_LX_773,986148,0.0265838396500274,GCCGGT-TTATTC,1344468,i5-16,125346,45020,GCCGGT,125389,FALSE,10254,1014788,128701A,7005,0.183143400710115,0.0335490215394889,246.094427,20,0.0442420963107568,0.0451273934945135,1551,0.284925096216408,FALSE,4302,0.974,/data1/shahs3/isabl_data_lake/analyses/60/71/36071/results/SHAH_H002689_T03_01_DLP01_hmmcopy_metrics.csv.gz,0.234782608695652,0.548076923076923,0.0492610837438424,0.222222222222222,0.879518072289157,0,0.162393162393162,0.973913043478261,0.557377049180328,0,0.51063829787234,0.397790055248619,0,0.716666666666667,0.647058823529412,0.967532467532468,0,0.738007380073801,0,0.439834024896266,0.946428571428571,0.0714285714285714,1,1.69103827641531,0.37494717941491,0.470318588127435,0.529681411872565,G
128701A-R16-C21,0.0102938569177053,2,51401,40,2,0.0392180451520289,0.17772265116947,0.177264529257726,0.807467662537807,0.366826981253814,0,0.222124084698714,156.959880574734,164,58.0302857792628,841148,534.735340944349,201.854709643106,0.0723532100280289,0.0632278136874962,0.0936032780233763,46,1.74667739591947,2,-1440.01682388803,2.10546896496416,0.0317884278014832,i7-21,104356,164227,0.0339060698043507,0.033589,5-1_LX_773,FALSE,389,1208172,53184,52,605502,212,16,C1,128701A,1221008,0.033804374814968,150.711805,TGGAGC,209101,1219344,5-1_LX_773,1193518,0.0323313626642509,GCCGGT-TGGAGC,1625725,i5-16,151287,53741,GCCGGT,151351,FALSE,12100,1227424,128701A,8080,0.182886888319758,0.0410239785245231,249.99197,21,0.0537573786974603,0.0548100938986927,1762,0.259084109520862,FALSE,4507,1,/data1/shahs3/isabl_data_lake/analyses/60/71/36071/results/SHAH_H002689_T03_01_DLP01_hmmcopy_metrics.csv.gz,0.660869565217391,0.557692307692308,0.0394088669950739,0.202898550724638,0.885542168674699,0.0138888888888889,0.17948717948718,0.973913043478261,0.39344262295082,0,0.5,0.397790055248619,0,0,0.607843137254902,0.964285714285714,0,0,0,0.431535269709544,0.9375,0.0989010989010989,1,1.75108870043548,0.347932675074033,0.409809763923906,0.590190236076094,D
128701A-R16-C22,0,2,36515,38,2,0.04555917592979,0.176937868929913,0.173090051135308,0.812308785110352,0.361054867277132,0,0.224157102811134,116.374370453274,120,42.6621394389832,623883,582.357860578176,225.342298381449,0.0713615599344955,0.082515684144192,0.0973828747428674,43,1.74400707087263,2,-1290.21032670283,1.99389899850724,0.022430678864212,i7-22,74573,124619,0.0239781914911827,0.023781,5-1_LX_773,FALSE,234,893035,42302,51,447778,194,16,C1,128701A,902970,0.0239035668711704,134.371139,CTTCGA,149380,901469,5-1_LX_773,882812,0.0229426811728566,GCCGGT-CTTCGA,1249760,i5-16,113050,42745,GCCGGT,113111,FALSE,9354,907786,128701A,6317,0.176605154115987,0.0287938846946226,227.351752,22,0.0391199121834857,0.0398919098433939,1009,0.301492799209031,FALSE,4671,1,/data1/shahs3/isabl_data_lake/analyses/60/71/36071/results/SHAH_H002689_T03_01_DLP01_hmmcopy_metrics.csv.gz,0.228985507246377,0.552884615384615,0.0394088669950739,0.202898550724638,0.879518072289157,0,0.162393162393162,0.973913043478261,0.442622950819672,0,0.51063829787234,0.400552486187845,0,0,0.627450980392157,0.964285714285714,0,0,0,0.431535269709544,0.941964285714286,0.0494505494505495,1,1.75475590190236,0.347452731553307,0.407517763007105,0.592482236992895,D
